position	mod	avg_n_valid_cov	avg_percent_modified	gene_id	chrom	start	end	region	decay rate	half_life
3_2826142_2826143	m6A	78	1.285	AT3G09210	3	2826142	2826143	CDS	0.005973554	116.0359834
2_7133643_7133644	m6A	19	84.72	AT2G16460	2	7133643	7133644	3'UTR	0.005475523	126.5901436
3_319044_319045	m6A	25.5	4	AT3G01920	3	319044	319045	3'UTR	0.00573181	120.9298991
4_6659200_6659201	m6A	58	5.745	AT4G10840	4	6659200	6659201	3'UTR	0.001628727	425.5760038
3_127383_127384	m6A	35.5	57.895	AT3G01340	3	127383	127384	3'UTR	0.001763929	392.9565018
5_650244_650245	m6A	90	1.71	AT5G02840	5	650244	650245	CDS	0.011526072	60.13733105
1_2846985_2846986	m6A	101	2.995	AT1G08880	1	2846985	2846986	3'UTR	0.012722412	54.48236989
2_15454885_15454886	m6A	32	50.25	AT2G36850	2	15454885	15454886	3'UTR	0.002640879	262.4683259
3_21076718_21076719	m6A	1469	0.31	AT3G56940	3	21076718	21076719	CDS	0.005351273	129.529392
1_28999666_28999667	m6A	66.5	51.035	AT1G77180	1	28999666	28999667	3'UTR	0.005226763	132.6150079
2_10862322_10862323	m6A	19	5.655	AT2G25520	2	10862322	10862323	3'UTR	0.002074915	334.0605381
2_15479625_15479626	m6A	495	0.51	AT2G36880	2	15479625	15479626	3'UTR	0.000986162	702.8733957
4_11034387_11034388	m6A	26.5	5.505	AT4G20480	4	11034387	11034388	3'UTR	0.008535538	81.20720556
3_19246792_19246793	m6A	16.5	14.89	AT3G51870	3	19246792	19246793	3'UTR	0.009563015	72.48207457
4_8048777_8048778	m6A	194	0.515	AT4G13930	4	8048777	8048778	CDS	0.001182898	585.9739954
3_4924573_4924574	m6A	87.5	19.79	AT3G14650	3	4924573	4924574	3'UTR	0.018479446	37.50908922
5_7303254_7303255	m6A	36.5	10.96	AT5G22050	5	7303254	7303255	3'UTR	0.015423426	44.94119527
5_21286901_21286902	m6A	83.5	1.2	AT5G52440	5	21286901	21286902	CDS	0.003954647	175.2740791
4_337032_337033	m6A	15.5	100	AT4G00800	4	337032	337033	3'UTR	0.003032601	228.5652716
4_16871861_16871862	m6A	10.5	47.725	AT4G35530	4	16871861	16871862	3'UTR	0.007010126	98.8779903
2_18617968_18617969	m6A	54	1.855	AT2G45160	2	18617968	18617969	3'UTR	0.017342979	39.96701865
1_26987912_26987913	m6A	11	9.165	AT1G71750	1	26987912	26987913	3'UTR	0.006778236	102.2607059
4_11759408_11759409	m6A	165	2.74	AT4G22220	4	11759408	11759409	3'UTR	0.006610802	104.8506967
3_19369439_19369440	m6A	66	82.08	AT3G52220	3	19369439	19369440	3'UTR	0.007621557	90.94561873
2_15118510_15118511	m6A	76.5	55.75	AT2G36000	2	15118510	15118511	3'UTR	0.022440641	30.88803013
1_27304555_27304556	m6A	137.5	3.575	AT1G72510	1	27304555	27304556	3'UTR	0.015827561	43.79368164
4_12796521_12796522	m6A	25	12.075	AT4G24840	4	12796521	12796522	3'UTR	0.006369372	108.8250418
4_2126658_2126659	m6A	58	24.12	AT4G04340	4	2126658	2126659	3'UTR	0.004686502	147.902881
3_20705208_20705209	m6A	255.5	7.035	AT3G55770	3	20705208	20705209	3'UTR	0.001441471	480.8611499
4_11487328_11487329	m6A	16	67.5	AT4G21600	4	11487328	11487329	3'UTR	0.002572115	269.4852683
3_4009695_4009696	m6A	35	2.86	AT3G12620	3	4009695	4009696	CDS	0.001595913	434.3262934
3_20501646_20501647	m6A	219.5	5.76	AT3G55280	3	20501646	20501647	3'UTR	0.00369403	187.6398134
1_29641949_29641950	m6A	333.5	0.3	AT1G78850	1	29641949	29641950	3'UTR	0.003062682	226.3202974
1_6922_6923	m6A	15	77.68	AT1G01020	1	6922	6923	CDS	0.006020111	115.1385962
3_8636519_8636520	m6A	18	34.375	AT3G23910	3	8636519	8636520	3'UTR	0.004111383	168.5922262
1_21356470_21356471	m6A	397	4.135	AT1G57660	1	21356470	21356471	3'UTR	0.003025092	229.1326161
2_1823408_1823409	m6A	7795.5	0.115	AT2G05100	2	1823408	1823409	3'UTR	0.005468823	126.7452105
3_21428704_21428705	m6A	293	1.19	AT3G57870	3	21428704	21428705	3'UTR	0.002653438	261.2261069
1_633194_633195	m6A	24	14.585	AT1G02850	1	633194	633195	3'UTR	0.000157743	4394.16805
1_4013019_4013020	m6A	60	4.895	AT1G11890	1	4013019	4013020	3'UTR	0.002096161	330.6746309
2_15472819_15472820	m6A	78.5	1.275	AT2G36870	2	15472819	15472820	3'UTR	0.002865027	241.9338819
4_10238718_10238719	m6A	30.5	21.72	AT4G18593	4	10238718	10238719	3'UTR	0.006071436	114.1652704
1_17331883_17331884	m6A	30	58.57	AT1G47278	1	17331883	17331884	3'UTR	0.004616207	150.1551395
4_6719609_6719610	m6A	39.5	22.175	AT4G10970	4	6719609	6719610	3'UTR	0.007791312	88.96412012
4_4799646_4799647	m6A	17.5	96.155	AT4G07950	4	4799646	4799647	3'UTR	0.008161305	84.93092266
1_30404551_30404552	m6A	466	0.21	AT1G80920	1	30404551	30404552	5'UTR	0.011258236	61.56800842
5_23079829_23079830	m6A	65	44.615	AT5G57030	5	23079829	23079830	3'UTR	0.00890862	77.80634541
3_22188661_22188662	m6A	23.5	6.35	AT3G60080	3	22188661	22188662	3'UTR	0.018540785	37.38499542
2_1574768_1574769	m6A	226	0.445	AT2G04520	2	1574768	1574769	3'UTR	0.001919612	361.0870513
2_18460006_18460007	m6A	27.5	13.215	AT2G44770	2	18460006	18460007	3'UTR	0.006793141	102.0363241
1_19186359_19186360	m6A	14	85.715	AT1G51720	1	19186359	19186360	3'UTR	0.008581893	80.76856808
1_6211890_6211891	m6A	194.5	21.665	AT1G18060	1	6211890	6211891	3'UTR	0.002124985	326.189176
5_10877109_10877110	m6A	17	35.415	AT5G28850	5	10877109	10877110	3'UTR	0.002466814	280.9888077
1_26912810_26912811	m6A	14.5	10.235	AT1G71410	1	26912810	26912811	3'UTR	0.005814659	119.2068478
5_3836156_3836157	m6A	42	56.04	AT5G11900	5	3836156	3836157	3'UTR	0.002776615	249.6374548
4_16476927_16476928	m6A	56.5	11.11	AT4G34450	4	16476927	16476928	3'UTR	0.00026698	2596.246925
2_14960973_14960974	m6A	15.5	77.5	AT2G35620	2	14960973	14960974	3'UTR	0.002867623	241.7148949
1_17908432_17908433	m6A	130	1.145	AT1G48440	1	17908432	17908433	3'UTR	0.003869199	179.144885
1_25808890_25808891	m6A	16	18.335	AT1G68720	1	25808890	25808891	3'UTR	0.007418846	93.43059798
2_19447036_19447037	m6A	2714	0.055	AT2G47400	2	19447036	19447037	CDS	0.002929454	236.6130615
4_12786156_12786157	m6A	33	4.43	AT4G24805	4	12786156	12786157	3'UTR	0.003703899	187.1398527
1_28717302_28717303	m6A	112.5	5.055	AT1G76520	1	28717302	28717303	3'UTR	0.00760937	91.09126479
2_10901329_10901330	m6A	40.5	10.77	AT2G25610	2	10901329	10901330	3'UTR	0.002248918	308.2136783
3_2416026_2416027	m6A	27	6.275	AT3G07565	3	2416026	2416027	3'UTR	0.008481168	81.72779639
1_27371710_27371711	m6A	14.5	41.105	AT1G72700	1	27371710	27371711	3'UTR	0.011993972	57.7912968
2_15368905_15368906	m6A	28	5.615	AT2G36680	2	15368905	15368906	3'UTR	0.003593868	192.8694229
1_313459_313460	m6A	59	4.205	AT1G01910	1	313459	313460	3'UTR	0.002358562	293.8854483
5_453085_453086	m6A	164.5	61.195	AT5G02240	5	453085	453086	3'UTR	7.29e-21	9.50415e+19
4_13823150_13823151	m6A	52	1.925	AT4G27680	4	13823150	13823151	3'UTR	0.008084361	85.73927027
5_22688321_22688322	m6A	196	0.51	AT5G56030	5	22688321	22688322	CDS	0.002681711	258.4720013
1_9154556_9154557	m6A	20.5	17.69	AT1G26460	1	9154556	9154557	3'UTR	0.002147544	322.7627755
1_29484446_29484447	m6A	604	0.165	AT1G78370	1	29484446	29484447	CDS	0.001362113	508.876562
1_3755554_3755555	m6A	13.5	10.88	AT1G11200	1	3755554	3755555	3'UTR	0.00114334	606.2474959
5_4096864_4096865	m6A	27	18.405	AT5G12950	5	4096864	4096865	3'UTR	0.006855099	101.1141036
4_1057981_1057982	m6A	17.5	89.285	AT4G02400	4	1057981	1057982	3'UTR	0.006449227	107.477563
5_8365695_8365696	m6A	170.5	0.585	AT5G24490	5	8365695	8365696	CDS	0.009138543	75.84876245
1_5951723_5951724	m6A	91.5	4.365	AT1G17370	1	5951723	5951724	3'UTR	0.000324817	2133.96443
4_8242732_8242733	m6A	562	0.265	AT4G14320	4	8242732	8242733	CDS	0.001014476	683.2563446
2_8128496_8128497	m6A	51.5	10.66	AT2G18750	2	8128496	8128497	3'UTR	0.008318399	83.32699488
1_25571625_25571626	m6A	24.5	10.335	AT1G68220	1	25571625	25571626	3'UTR	0.003097238	223.795266
5_21510220_21510221	m6A	59	69.7	AT5G53050	5	21510220	21510221	3'UTR	0.009078069	76.35403412
1_10286568_10286569	m6A	43.5	2.305	AT1G29390	1	10286568	10286569	CDS	0.001321889	524.3613007
5_14998961_14998962	m6A	93	4.29	AT5G37770	5	14998961	14998962	3'UTR	0.032607989	21.25697438
5_21342910_21342911	m6A	28.5	3.56	AT5G52580	5	21342910	21342911	3'UTR	0.005623313	123.2631244
5_13423577_13423578	m6A	117	6.525	AT5G35170	5	13423577	13423578	3'UTR	0.003730203	185.820247
4_8980214_8980215	m6A	60.5	1.655	AT4G15780	4	8980214	8980215	CDS	0.009390143	73.81646818
1_17647257_17647258	m6A	11.5	78.79	AT1G47900	1	17647257	17647258	3'UTR	0.00532192	130.2438165
5_2606627_2606628	m6A	41.5	5.965	AT5G08130	5	2606627	2606628	3'UTR	0.010772608	64.34348858
5_17980266_17980267	m6A	436	0.35	AT5G44580	5	17980266	17980267	3'UTR	0.000977245	709.2873552
5_6464175_6464176	m6A	330.5	0.3	AT5G19220	5	6464175	6464176	CDS	0.003977061	174.2862776
5_22097237_22097238	m6A	53.5	37.42	AT5G54430	5	22097237	22097238	3'UTR	0.000474456	1460.930897
1_20456122_20456123	m6A	12.5	36.22	AT1G54850	1	20456122	20456123	3'UTR	0.014503265	47.7924937
3_3165477_3165478	m6A	90.5	1.11	AT3G10230	3	3165477	3165478	CDS	0.008222561	84.29821207
1_5711807_5711808	m6A	107.5	2.31	AT1G16700	1	5711807	5711808	3'UTR	0.000295122	2348.683006
3_15512765_15512766	m6A	48.5	7.99	AT3G43600	3	15512765	15512766	3'UTR	0.001925869	359.9139631
1_6416287_6416288	m6A	29.5	15.03	AT1G18630	1	6416287	6416288	3'UTR	0.002049293	338.2371552
3_860192_860193	m6A	14	11.46	AT3G03570	3	860192	860193	3'UTR	0.007702009	89.99563752
5_19091811_19091812	m6A	430.5	0.23	AT5G47030	5	19091811	19091812	CDS	3.91e-21	1.77444e+20
5_5576614_5576615	m6A	401	0.25	AT5G16970	5	5576614	5576615	CDS	0.008049843	86.10691608
5_4825256_4825257	m6A	270	50.34	AT5G14910	5	4825256	4825257	3'UTR	0.002400641	288.7342105
4_885388_885389	m6A	11	9.09	AT4G02010	4	885388	885389	3'UTR	0.007155173	96.87357569
1_27393047_27393048	m6A	48	28.06	AT1G72770	1	27393047	27393048	3'UTR	0.008659372	80.04589758
3_18166862_18166863	m6A	711	4.93	AT3G49010	3	18166862	18166863	3'UTR	0.003433347	201.8866983
1_10266769_10266770	m6A	23	6.335	AT1G29340	1	10266769	10266770	3'UTR	0.00373945	185.3607052
3_19235800_19235801	m6A	38.5	2.595	AT3G51850	3	19235800	19235801	3'UTR	0.003571893	194.055949
1_6796282_6796283	m6A	15	10	AT1G19650	1	6796282	6796283	3'UTR	0.005949446	116.5061698
5_21716607_21716608	m6A	37	2.78	AT5G53480	5	21716607	21716608	CDS	0.000912902	759.2785729
2_7268831_7268832	m6A	27	19.445	AT2G16740	2	7268831	7268832	3'UTR	0.001839476	376.8177351
1_10858364_10858365	m6A	29.5	20.63	AT1G30630	1	10858364	10858365	3'UTR	0.002248854	308.2223858
3_20223267_20223268	m6A	141.5	1.715	AT3G54640	3	20223267	20223268	3'UTR	0.000872678	794.2757619
4_9703657_9703658	m6A	18	10.39	AT4G17360	4	9703657	9703658	3'UTR	0.009096567	76.19876224
5_4388466_4388467	m6A	1195	0.085	AT5G13630	5	4388466	4388467	CDS	0.002586552	267.9811755
2_14464684_14464685	m6A	291.5	19.85	AT2G34250	2	14464684	14464685	3'UTR	0.001101536	629.2548478
3_2123899_2123900	m6A	67	94.805	AT3G06720	3	2123899	2123900	3'UTR	0.000189469	3658.374494
2_14867002_14867003	m6A	15	63.84	AT2G35320	2	14867002	14867003	3'UTR	0.007271373	95.32548668
5_26299999_26300000	m6A	169	3.705	AT5G65730	5	26299999	26300000	CDS	0.009109827	76.08785249
3_19318798_19318799	m6A	90.5	1.105	AT3G52090	3	19318798	19318799	CDS	0.004429677	156.478057
3_6514867_6514868	m6A	125	1.99	AT3G18890	3	6514867	6514868	3'UTR	0.002662905	260.2973862
2_10063436_10063437	m6A	458	0.22	AT2G23670	2	10063436	10063437	CDS	0.005403547	128.2763215
2_13392621_13392622	m6A	83.5	1.24	AT2G31410	2	13392621	13392622	CDS	0.009567936	72.44479824
2_16954647_16954648	m6A	21.5	71.97	AT2G40620	2	16954647	16954648	3'UTR	0.009741177	71.15640616
4_10146067_10146068	m6A	16	22.5	AT4G18360	4	10146067	10146068	3'UTR	0.002775085	249.7751416
3_20985992_20985993	m6A	70.5	70.675	AT3G56650	3	20985992	20985993	3'UTR	0.003576993	193.7792845
5_825636_825637	m6A	49.5	12.19	AT5G03370	5	825636	825637	3'UTR	0.007717917	89.81013877
4_12634698_12634699	m6A	74	18.19	AT4G24440	4	12634698	12634699	3'UTR	0.006250372	110.8969495
2_7566398_7566399	m6A	142	12.085	AT2G17420	2	7566398	7566399	3'UTR	0.001515924	457.243995
5_18663002_18663003	m6A	227	1.31	AT5G46020	5	18663002	18663003	3'UTR	2.24e-05	30906.15847
1_2459715_2459716	m6A	413.5	0.735	AT1G07930	1	2459715	2459716	CDS	0.000500252	1385.595814
5_18349932_18349933	m6A	16.5	19.04	AT5G45290	5	18349932	18349933	3'UTR	0.008031188	86.3069343
3_20122140_20122141	m6A	12	50.35	AT3G54350	3	20122140	20122141	3'UTR	0.007770838	89.19851047
5_20768581_20768582	m6A	108	56.915	AT5G51070	5	20768581	20768582	3'UTR	0.00039059	1774.617913
5_34177_34178	m6A	50.5	29.73	AT5G01090	5	34177	34178	3'UTR	0.004769456	145.3304557
5_23506190_23506191	m6A	15	11.115	AT5G58090	5	23506190	23506191	CDS	0.002358055	293.9487284
2_10576861_10576862	m6A	161.5	5.26	AT2G24820	2	10576861	10576862	3'UTR	0.004761671	145.5680576
5_16368855_16368856	m6A	162.5	0.95	AT5G40850	5	16368855	16368856	3'UTR	0.043311281	16.00384863
2_18226142_18226143	m6A	54	18.345	AT2G44050	2	18226142	18226143	3'UTR	0.001509144	459.2983015
2_1480060_1480061	m6A	12.5	16.025	AT2G04270	2	1480060	1480061	3'UTR	0.011048715	62.73554645
4_10438120_10438121	m6A	11.5	17.045	AT4G19045	4	10438120	10438121	3'UTR	0.002897487	239.2236089
1_8108123_8108124	m6A	25.5	27.33	AT1G22910	1	8108123	8108124	3'UTR	0.006019525	115.1498088
1_11247085_11247086	m6A	25	59.59	AT1G31410	1	11247085	11247086	3'UTR	0.005686631	121.890662
1_20414505_20414506	m6A	72	4.25	AT1G54690	1	20414505	20414506	3'UTR	0.009272469	74.75324529
1_19884056_19884057	m6A	66.5	1.51	AT1G53310	1	19884056	19884057	3'UTR	0.000379447	1826.728863
4_770827_770828	m6A	132.5	1.875	AT4G01800	4	770827	770828	3'UTR	0.001457474	475.5812276
1_23203506_23203507	m6A	152.5	1.01	AT1G62660	1	23203506	23203507	CDS	0.002847083	243.4586963
1_29932535_29932536	m6A	16	93.335	AT1G79560	1	29932535	29932536	3'UTR	0.003449276	200.9544264
1_2706764_2706765	m6A	87.5	8.025	AT1G08540	1	2706764	2706765	3'UTR	0.009134681	75.88083345
5_5309773_5309774	m6A	18.5	63.97	AT5G16240	5	5309773	5309774	3'UTR	0.002226851	311.2678846
5_7094855_7094856	m6A	111	1.315	AT5G20920	5	7094855	7094856	3'UTR	0.002194809	315.8121298
5_3762626_3762627	m6A	14.5	97.37	AT5G11700	5	3762626	3762627	3'UTR	0.010440534	66.39001004
5_4397253_4397254	m6A	69	1.455	AT5G13640	5	4397253	4397254	3'UTR	0.00142988	484.758978
5_19572686_19572687	m6A	275	0.545	AT5G48300	5	19572686	19572687	3'UTR	0.003893977	178.0049534
4_13009787_13009788	m6A	35.5	40.95	AT4G25450	4	13009787	13009788	3'UTR	0.004262301	162.6227626
5_22935763_22935764	m6A	656.5	0.155	AT5G56670	5	22935763	22935764	CDS	0.00184935	374.8059245
5_3443902_3443903	m6A	41.5	6.04	AT5G10920	5	3443902	3443903	3'UTR	0.002100888	329.9305229
3_2079871_2079872	m6A	132.5	0.755	AT3G06650	3	2079871	2079872	CDS	0.001800368	385.0030607
5_23076843_23076844	m6A	50.5	3.275	AT5G57020	5	23076843	23076844	3'UTR	0.008619872	80.41270233
1_24260104_24260105	m6A	19	5.26	AT1G65320	1	24260104	24260105	3'UTR	0.014724486	47.07445581
5_7365600_7365601	m6A	15	14.355	AT5G22250	5	7365600	7365601	3'UTR	0.06412061	10.81005281
Pt_105683_105684	m6A	37	5.405	ATCG00950	Pt	105683	105684	intergenic	3.51e-09	197273138.7
5_4602174_4602175	m6A	56	1.79	AT5G14260	5	4602174	4602175	CDS	0.002626157	263.9396873
1_29637091_29637092	m6A	243	0.415	AT1G78830	1	29637091	29637092	3'UTR	0.005778974	119.9429481
4_16522995_16522996	m6A	39	5.125	AT4G34590	4	16522995	16522996	3'UTR	NA	NA
5_25672695_25672696	m6A	93.5	3.13	AT5G64170	5	25672695	25672696	3'UTR	0.005733518	120.8938772
3_4429458_4429459	m6A	59.5	13.265	AT3G13570	3	4429458	4429459	3'UTR	0.004747581	146.0000846
5_848894_848895	m6A	21	67.295	AT5G03420	5	848894	848895	3'UTR	0.006045462	114.6557869
4_13548551_13548552	m6A	98	11.76	AT4G26970	4	13548551	13548552	3'UTR	0.000736421	941.2379464
2_17911046_17911047	m6A	23	41.13	AT2G43070	2	17911046	17911047	3'UTR	0.003764805	184.1123758
3_2948934_2948935	m6A	54.5	59.12	AT3G09600	3	2948934	2948935	3'UTR	0.009699313	71.4635338
4_12351442_12351443	m6A	147.5	2.39	AT4G23710	4	12351442	12351443	3'UTR	0.000957801	723.6859748
5_19466142_19466143	m6A	41.5	8.1	AT5G48030	5	19466142	19466143	3'UTR	0.000997169	695.1152062
2_15789720_15789721	m6A	53	1.89	AT2G37640	2	15789720	15789721	CDS	0.010550796	65.69620057
5_17237294_17237295	m6A	31.5	11.09	AT5G42970	5	17237294	17237295	3'UTR	0.00240104	288.6861759
4_3666011_3666012	m6A	32.5	9.235	AT4G06599	4	3666011	3666012	3'UTR	0.010812295	64.10731194
2_7564896_7564897	m6A	133	0.755	AT2G17420	2	7564896	7564897	CDS	0.001515924	457.243995
2_9009690_9009691	m6A	33.5	4.765	AT2G20960	2	9009690	9009691	3'UTR	0.009024298	76.80898561
5_19164232_19164233	m6A	13	84.375	AT5G47190	5	19164232	19164233	3'UTR	0.003991003	173.6774531
1_2979559_2979560	m6A	18	88.575	AT1G09230	1	2979559	2979560	3'UTR	0.009508218	72.899796
3_21180643_21180644	m6A	31	11.23	AT3G57230	3	21180643	21180644	CDS	0.01608916	43.08162712
3_7162043_7162044	m6A	75.5	17	AT3G20510	3	7162043	7162044	3'UTR	0.000374712	1849.812195
2_7089070_7089071	m6A	22.5	69.225	AT2G16380	2	7089070	7089071	3'UTR	0.002490968	278.2642185
5_6780292_6780293	m6A	34.5	2.905	AT5G20070	5	6780292	6780293	CDS	0.003637918	190.5340365
4_7093559_7093560	m6A	13.5	40.835	AT4G11800	4	7093559	7093560	3'UTR	0.002041569	339.5168756
5_25855370_25855371	m6A	22.5	21.325	AT5G64680	5	25855370	25855371	3'UTR	0.006402731	108.2580445
5_26521544_26521545	m6A	34	87.88	AT5G66410	5	26521544	26521545	3'UTR	0.004351948	159.2728489
4_9714485_9714486	m6A	587.5	0.345	AT4G17390	4	9714485	9714486	CDS	0.003832418	180.8641676
5_23571244_23571245	m6A	82.5	22.97	AT5G58290	5	23571244	23571245	3'UTR	0.001912803	362.3725029
3_9524943_9524944	m6A	534.5	0.185	AT3G26060	3	9524943	9524944	CDS	0.006445616	107.5377752
5_14999144_14999145	m6A	80	1.89	AT5G37770	5	14999144	14999145	CDS	0.032607989	21.25697438
1_23249287_23249288	m6A	232.5	21.085	AT1G62780	1	23249287	23249288	3'UTR	0.00322972	214.6152333
3_17156134_17156135	m6A	26.5	13.695	AT3G46590	3	17156134	17156135	3'UTR	0.005665437	122.3466343
4_7544532_7544533	m6A	199.5	10.52	AT4G12880	4	7544532	7544533	3'UTR	0.001721349	402.6766853
2_10183072_10183073	m6A	159	1.31	AT2G23930	2	10183072	10183073	3'UTR	0.001499364	462.2942103
5_1322254_1322255	m6A	478	0.31	AT5G04590	5	1322254	1322255	CDS	0.001725026	401.8182937
5_19958504_19958505	m6A	23.5	6.225	AT5G49220	5	19958504	19958505	3'UTR	0.010221744	67.81105205
1_9024437_9024438	m6A	129	96.48	AT1G26110	1	9024437	9024438	3'UTR	0.000577547	1200.157219
1_18237186_18237187	m6A	26	54.39	AT1G49300	1	18237186	18237187	3'UTR	0.003290828	210.6300066
1_14025352_14025353	m6A	163	0.615	AT1G36980	1	14025352	14025353	CDS	0.002867841	241.6965185
1_23472021_23472022	m6A	65.5	88.125	AT1G63290	1	23472021	23472022	3'UTR	0.00290529	238.5810759
3_21687030_21687031	m6A	19	88.795	AT3G58640	3	21687030	21687031	3'UTR	0.006955987	99.64756132
5_17969505_17969506	m6A	58.5	5.96	AT5G44572	5	17969505	17969506	3'UTR	0.004747869	145.991225
5_18731500_18731501	m6A	37.5	71.585	AT5G46210	5	18731500	18731501	3'UTR	0.001873631	369.9485429
3_6257815_6257816	m6A	16.5	19.55	AT3G18240	3	6257815	6257816	3'UTR	0.003478597	199.2605331
4_18200665_18200666	m6A	22.5	92.5	AT4G39050	4	18200665	18200666	3'UTR	0.002659808	260.600453
3_1947358_1947359	m6A	29	61.865	AT3G06410	3	1947358	1947359	3'UTR	0.001127641	614.6880319
1_1189812_1189813	m6A	918.5	0.105	AT1G04410	1	1189812	1189813	CDS	0.002672249	259.3871595
3_16856_16857	m6A	195.5	9.2	AT3G01060	3	16856	16857	CDS	0.002475346	280.0203134
1_30109206_30109207	m6A	18.5	17.79	AT1G80040	1	30109206	30109207	3'UTR	0.004990897	138.8822797
4_7948269_7948270	m6A	42	49.38	AT4G13660	4	7948269	7948270	3'UTR	0.006822167	101.6021948
5_1337872_1337873	m6A	15	12.5	AT5G04670	5	1337872	1337873	3'UTR	0.008395709	82.55969089
4_18520185_18520186	m6A	119	0.84	AT4G39940	4	18520185	18520186	CDS	0.011324446	61.20804528
3_5595116_5595117	m6A	706	0.225	AT3G16460	3	5595116	5595117	CDS	0.001227006	564.909565
1_7653814_7653815	m6A	35	12.915	AT1G21780	1	7653814	7653815	CDS	0.007264566	95.41480356
5_7287857_7287858	m6A	46.5	3.36	AT5G22020	5	7287857	7287858	3'UTR	0.012420399	55.80715944
2_18383481_18383482	m6A	33.5	6.205	AT2G44525	2	18383481	18383482	3'UTR	0.00744927	93.04900914
2_15197497_15197498	m6A	49.5	19.775	AT2G36250	2	15197497	15197498	3'UTR	1e-04	6931.471806
5_19678086_19678087	m6A	31	20.94	AT5G48545	5	19678086	19678087	3'UTR	0.016007991	43.30007215
1_12012364_12012365	m6A	220.5	74.87	AT1G33120	1	12012364	12012365	3'UTR	0.002635151	263.038913
4_18234407_18234408	m6A	68.5	1.47	AT4G39150	4	18234407	18234408	CDS	0.003890751	178.1525592
2_11343542_11343543	m6A	134	5.115	AT2G26670	2	11343542	11343543	3'UTR	0.001655141	418.7844633
4_470607_470608	m6A	19.5	5.215	AT4G01090	4	470607	470608	3'UTR	0.006392555	108.4303739
2_19681449_19681450	m6A	15.5	35.895	AT2G48120	2	19681449	19681450	3'UTR	0.004809437	144.1222995
1_2155257_2155258	m6A	28	20.31	AT1G07020	1	2155257	2155258	3'UTR	0.014623424	47.39978659
3_19398184_19398185	m6A	467.5	13.885	AT3G52300	3	19398184	19398185	3'UTR	0.002444692	283.5314502
4_7533400_7533401	m6A	47.5	66.335	AT4G12830	4	7533400	7533401	3'UTR	0.011172137	62.04249066
1_20304708_20304709	m6A	20.5	5.125	AT1G54390	1	20304708	20304709	3'UTR	0.003490497	198.5812129
5_2820934_2820935	m6A	202	0.5	AT5G08670	5	2820934	2820935	CDS	5.25e-05	13208.10318
1_4609675_4609676	m6A	1810	0.17	AT1G13440	1	4609675	4609676	CDS	0.011741411	59.03440097
4_9000909_9000910	m6A	20.5	7.13	AT4G15840	4	9000909	9000910	3'UTR	0.006017561	115.1874053
3_23242750_23242751	m6A	463	1.325	AT3G62870	3	23242750	23242751	3'UTR	0.001850854	374.5013288
5_3762278_3762279	m6A	18	26.19	AT5G11690	5	3762278	3762279	3'UTR	0.004970637	139.4483676
3_1330710_1330711	m6A	518	0.195	AT3G04840	3	1330710	1330711	CDS	0.002001364	346.3373088
5_9304467_9304468	m6A	14.5	44.765	AT5G26720	5	9304467	9304468	CDS	0.013197299	52.52189825
5_22985455_22985456	m6A	44	2.27	AT5G56850	5	22985455	22985456	CDS	0.016542678	41.90054124
2_15145100_15145101	m6A	20	46.035	AT2G36070	2	15145100	15145101	3'UTR	0.002324188	298.2319337
4_14886247_14886248	m6A	116	4.195	AT4G30450	4	14886247	14886248	3'UTR	0.007018782	98.7560523
2_12168983_12168984	m6A	87	2.845	AT2G28470	2	12168983	12168984	3'UTR	0.001818782	381.1050919
3_3848146_3848147	m6A	19	5.51	AT3G12080	3	3848146	3848147	CDS	0.006825682	101.5498862
1_19175716_19175717	m6A	47	67.6	AT1G51710	1	19175716	19175717	3'UTR	0.001213079	571.3947353
2_15836794_15836795	m6A	69	24.555	AT2G37770	2	15836794	15836795	3'UTR	0.007366122	94.09932955
5_2019130_2019131	m6A	13.5	52.2	AT5G06600	5	2019130	2019131	3'UTR	0.000336478	2060.008538
5_19406183_19406184	m6A	15	27.5	AT5G47930	5	19406183	19406184	3'UTR	0.002449679	282.9543214
1_8612479_8612480	m6A	22.5	8.925	AT1G24280	1	8612479	8612480	3'UTR	0.019506325	35.53448349
1_11482822_11482823	m6A	45	3.5	AT1G31970	1	11482822	11482823	3'UTR	0.003092516	224.1369597
4_16454514_16454515	m6A	10	10	AT4G34412	4	16454514	16454515	CDS	0.006245671	110.9804178
5_16383670_16383671	m6A	71.5	1.4	AT5G40890	5	16383670	16383671	CDS	0.005506051	125.8882536
3_1408799_1408800	m6A	29	6.97	AT3G05050	3	1408799	1408800	CDS	0.005822318	119.0500435
1_16648582_16648583	m6A	23.5	78.89	AT1G43890	1	16648582	16648583	3'UTR	0.003971496	174.5304782
5_26872966_26872967	m6A	122.5	0.815	AT5G67360	5	26872966	26872967	CDS	0.004459481	155.4322605
1_4398586_4398587	m6A	11.5	35.385	AT1G12930	1	4398586	4398587	3'UTR	0.007820384	88.63339956
2_8739894_8739895	m6A	33	86.39	AT2G20280	2	8739894	8739895	3'UTR	0.002692461	257.4399838
1_20084485_20084486	m6A	22	59.005	AT1G53800	1	20084485	20084486	3'UTR	0.014980763	46.26915028
1_2049697_2049698	m6A	87.5	61.86	AT1G06690	1	2049697	2049698	3'UTR	0.006017452	115.1894801
2_8687380_8687381	m6A	25.5	11.495	AT2G20120	2	8687380	8687381	3'UTR	0.006470052	107.1316272
2_10327249_10327250	m6A	10	30	AT2G24270	2	10327249	10327250	3'UTR	0.003661098	189.3276965
5_21172582_21172583	m6A	14.5	42.16	AT5G52110	5	21172582	21172583	3'UTR	0.00772664	89.70874094
1_24616753_24616754	m6A	58	30.215	AT1G66130	1	24616753	24616754	3'UTR	0.01560845	44.40845605
2_15548871_15548872	m6A	14.5	71.075	AT2G37020	2	15548871	15548872	3'UTR	0.006570403	105.4953864
1_6213898_6213899	m6A	133	6.635	AT1G18070	1	6213898	6213899	3'UTR	0.001926358	359.8225364
1_11196108_11196109	m6A	44.5	65.32	AT1G31300	1	11196108	11196109	3'UTR	0.005907563	117.3321783
2_19502106_19502107	m6A	81.5	98.745	AT2G47510	2	19502106	19502107	3'UTR	0.000246672	2809.999564
5_22555069_22555070	m6A	146.5	0.685	AT5G55710	5	22555069	22555070	CDS	0.008483925	81.70123511
3_20026488_20026489	m6A	33	13.89	AT3G54080	3	20026488	20026489	3'UTR	0.007648231	90.62843375
3_5989127_5989128	m6A	68	17.73	AT3G17510	3	5989127	5989128	3'UTR	0.040864564	16.96205969
4_11863169_11863170	m6A	13	7.69	AT4G22540	4	11863169	11863170	CDS	0.014231183	48.7062228
5_17979652_17979653	m6A	387	0.395	AT5G44580	5	17979652	17979653	CDS	0.000977245	709.2873552
2_7303993_7303994	m6A	45	7.71	AT2G16860	2	7303993	7303994	3'UTR	0.00318807	217.4190808
3_23150830_23150831	m6A	46	9.95	AT3G62600	3	23150830	23150831	3'UTR	0.00396082	175.000917
2_14990418_14990419	m6A	12	15.715	AT2G35660	2	14990418	14990419	3'UTR	0.008999207	77.02314113
2_5642913_5642914	m6A	19	86.39	AT2G13540	2	5642913	5642914	3'UTR	0.001926878	359.7254266
3_210074_210075	m6A	56	58.725	AT3G01520	3	210074	210075	3'UTR	0.00029035	2387.280226
5_7904927_7904928	m6A	36	10.385	AT5G23450	5	7904927	7904928	3'UTR	0.005389453	128.6117935
2_11821825_11821826	m6A	232	0.435	AT2G27730	2	11821825	11821826	5'UTR	0.001468472	472.0194311
3_4521560_4521561	m6A	44	18.49	AT3G13772	3	4521560	4521561	3'UTR	0.0040024	173.1828847
3_18504778_18504779	m6A	1045.5	0.195	AT3G49910	3	18504778	18504779	3'UTR	0.0033891	204.5225086
1_19991393_19991394	m6A	72	68.825	AT1G53580	1	19991393	19991394	3'UTR	0.001959291	353.7744758
1_1190529_1190530	m6A	685.5	0.145	AT1G04410	1	1190529	1190530	CDS	0.002672249	259.3871595
2_5539781_5539782	m6A	2064	0.075	AT2G13360	2	5539781	5539782	CDS	0.005372871	129.0087206
1_28272791_28272792	m6A	758.5	38.375	AT1G75350	1	28272791	28272792	3'UTR	0.000923853	750.2789379
2_1823782_1823783	m6A	6814.5	0.02	AT2G05100	2	1823782	1823783	CDS	0.005468823	126.7452105
1_7297326_7297327	m6A	52	2.98	AT1G20950	1	7297326	7297327	3'UTR	0.00221149	313.4299271
2_17625762_17625763	m6A	174	23.295	AT2G42310	2	17625762	17625763	3'UTR	0.004237736	163.5654378
5_21342904_21342905	m6A	35	34.235	AT5G52580	5	21342904	21342905	3'UTR	0.005623313	123.2631244
1_19856716_19856717	m6A	319	0.315	AT1G53240	1	19856716	19856717	CDS	0.001727777	401.178527
3_4916996_4916997	m6A	35	12.58	AT3G14620	3	4916996	4916997	3'UTR	0.010322138	67.15151349
2_9305640_9305641	m6A	12	21.325	AT2G21830	2	9305640	9305641	CDS	0.012160619	56.99933292
3_17400003_17400004	m6A	85	19.885	AT3G47250	3	17400003	17400004	3'UTR	0.006060663	114.3682112
1_8447394_8447395	m6A	17	32.355	AT1G23900	1	8447394	8447395	3'UTR	0.001536028	451.2594869
1_21765517_21765518	m6A	32	6.075	AT1G58602	1	21765517	21765518	3'UTR	0.025582661	27.09441322
2_11343222_11343223	m6A	213.5	0.47	AT2G26670	2	11343222	11343223	CDS	0.001655141	418.7844633
1_10181648_10181649	m6A	120.5	1.26	AT1G29150	1	10181648	10181649	CDS	0.001675578	413.6763835
4_1107458_1107459	m6A	48.5	2.08	AT4G02510	4	1107458	1107459	CDS	0.003300401	210.0190769
3_19151622_19151623	m6A	26	4.145	AT3G51630	3	19151622	19151623	CDS	NA	NA
3_1786425_1786426	m6A	18.5	83.975	AT3G05970	3	1786425	1786426	3'UTR	0.001690342	410.0632782
4_10943120_10943121	m6A	529	0.19	AT4G20260	4	10943120	10943121	CDS	0.006411941	108.1025453
5_1303456_1303457	m6A	38	5.415	AT5G04550	5	1303456	1303457	3'UTR	0.006303579	109.9608979
5_8279161_8279162	m6A	221.5	7.885	AT5G24314	5	8279161	8279162	3'UTR	0.002954825	234.5814408
5_1615312_1615313	m6A	18	69.375	AT5G05450	5	1615312	1615313	3'UTR	0.003954581	175.2770141
2_2146482_2146483	m6A	201.5	1.495	AT2G05710	2	2146482	2146483	3'UTR	0.000674408	1027.786456
3_6613774_6613775	m6A	23.5	10.78	AT3G19130	3	6613774	6613775	CDS	0.006212181	111.5787207
1_22812595_22812596	m6A	13	51.515	AT1G61770	1	22812595	22812596	3'UTR	0.00516247	134.2665688
5_4338671_4338672	m6A	28	9.375	AT5G13500	5	4338671	4338672	5'UTR	0.000276109	2510.407855
4_7871193_7871194	m6A	19.5	20.415	AT4G13550	4	7871193	7871194	3'UTR	0.008355983	82.95220462
3_2454746_2454747	m6A	29.5	11.295	AT3G07670	3	2454746	2454747	3'UTR	0.008586025	80.72969681
2_1698440_1698441	m6A	43	3.49	AT2G04842	2	1698440	1698441	3'UTR	0.00486447	142.4918168
1_18951652_18951653	m6A	97.5	2.08	AT1G51160	1	18951652	18951653	3'UTR	0.00387885	178.6991381
1_6773459_6773460	m6A	477.5	0.405	AT1G19570	1	6773459	6773460	3'UTR	0.001080794	641.3312466
1_28431150_28431151	m6A	14	22.19	AT1G75710	1	28431150	28431151	3'UTR	0.028384143	24.42022559
3_8462756_8462757	m6A	25.5	69.125	AT3G23580	3	8462756	8462757	3'UTR	0.003610403	191.9860729
5_19721595_19721596	m6A	26	7.19	AT5G48630	5	19721595	19721596	3'UTR	0.009742372	71.14768141
4_16972862_16972863	m6A	218.5	2.085	AT4G35830	4	16972862	16972863	3'UTR	0.000320756	2160.979411
3_4183882_4183883	m6A	24	11.25	AT3G13060	3	4183882	4183883	3'UTR	0.003993752	173.5578883
5_6215618_6215619	m6A	23	8.905	AT5G18640	5	6215618	6215619	3'UTR	0.007065274	98.1062003
3_16915633_16915634	m6A	130.5	9.99	AT3G46040	3	16915633	16915634	3'UTR	0.004662225	148.6730549
3_5451410_5451411	m6A	36	37.15	AT3G16060	3	5451410	5451411	3'UTR	0.008921286	77.69588141
1_5771715_5771716	m6A	17.5	8.39	AT1G16870	1	5771715	5771716	CDS	0.002239848	309.4617498
5_4719304_4719305	m6A	56.5	9.975	AT5G14640	5	4719304	4719305	3'UTR	0.001248838	555.0336259
2_73687_73688	m6A	26	3.9	AT2G01060	2	73687	73688	CDS	0.010864272	63.80061043
4_11426132_11426133	m6A	67.5	1.485	AT4G21450	4	11426132	11426133	5'UTR	0.00445047	155.746957
1_21030481_21030482	m6A	261	39.28	AT1G56190	1	21030481	21030482	3'UTR	0.003948776	175.5346926
2_9244782_9244783	m6A	68.5	5.035	AT2G21600	2	9244782	9244783	3'UTR	0.004052261	171.0519572
1_21167186_21167187	m6A	45.5	100	AT1G56500	1	21167186	21167187	3'UTR	0.003501738	197.9437804
2_7482418_7482419	m6A	43	2.33	AT2G17200	2	7482418	7482419	CDS	0.001468681	471.9522834
2_14300921_14300922	m6A	536.5	5.875	AT2G33800	2	14300921	14300922	3'UTR	0.001139516	608.2823616
3_5458791_5458792	m6A	21	16.665	AT3G16090	3	5458791	5458792	3'UTR	0.000494746	1401.016725
3_20170718_20170719	m6A	45	13.69	AT3G54480	3	20170718	20170719	3'UTR	0.003029132	228.8270009
5_6836214_6836215	m6A	220.5	0.69	AT5G20250	5	6836214	6836215	CDS	0.012835369	54.0029026
3_8509269_8509270	m6A	28.5	3.515	AT3G23640	3	8509269	8509270	CDS	0.003562657	194.5590378
3_5802713_5802714	m6A	222	15.44	AT3G17020	3	5802713	5802714	3'UTR	0.000126556	5476.984242
1_4436268_4436269	m6A	15	83.335	AT1G13000	1	4436268	4436269	3'UTR	0.002898709	239.1227411
5_4388346_4388347	m6A	1237.5	0.125	AT5G13630	5	4388346	4388347	CDS	0.002586552	267.9811755
3_533075_533076	m6A	64.5	2.275	AT3G02540	3	533075	533076	3'UTR	0.00083724	827.8952415
3_10757835_10757836	m6A	31.5	6.35	AT3G28690	3	10757835	10757836	3'UTR	0.004269572	162.3458151
3_20480421_20480422	m6A	33.5	8.955	AT3G55250	3	20480421	20480422	3'UTR	0.005128911	135.1451102
4_12786047_12786048	m6A	34	4.32	AT4G24805	4	12786047	12786048	CDS	0.003703899	187.1398527
4_8022210_8022211	m6A	141.5	1.775	AT4G13850	4	8022210	8022211	3'UTR	0.00280746	246.8947318
3_17301602_17301603	m6A	32	3.2	AT3G46970	3	17301602	17301603	3'UTR	0.000189476	3658.231901
5_2180520_2180521	m6A	273.5	1.64	AT5G07020	5	2180520	2180521	3'UTR	0.002191907	316.2301305
1_28009672_28009673	m6A	35	4.22	AT1G74530	1	28009672	28009673	3'UTR	0.004794239	144.5791869
1_11695543_11695544	m6A	27	12.345	AT1G32410	1	11695543	11695544	3'UTR	0.00046309	1496.785619
1_2463275_2463276	m6A	561.5	0.805	AT1G07940	1	2463275	2463276	3'UTR	0.000180762	3834.575893
4_10505160_10505161	m6A	34	86.495	AT4G19210	4	10505160	10505161	3'UTR	0.000348991	1986.144949
2_17856519_17856520	m6A	48.5	2.1	AT2G42910	2	17856519	17856520	CDS	0.000577243	1200.789287
1_17908438_17908439	m6A	184.5	2.425	AT1G48440	1	17908438	17908439	3'UTR	0.003869199	179.144885
1_10547017_10547018	m6A	34	4.29	AT1G30070	1	10547017	10547018	CDS	1.35e-19	5.13134e+18
4_16112757_16112758	m6A	20.5	10.045	AT4G33500	4	16112757	16112758	3'UTR	0.009799302	70.73434092
5_7682782_7682783	m6A	40.5	6.945	AT5G22950	5	7682782	7682783	3'UTR	0.002557289	271.047696
1_7297429_7297430	m6A	47.5	3.07	AT1G20950	1	7297429	7297430	3'UTR	0.00221149	313.4299271
5_1532646_1532647	m6A	92.5	1.085	AT5G05170	5	1532646	1532647	CDS	0.001787224	387.8345776
4_17830543_17830544	m6A	28.5	33.25	AT4G37925	4	17830543	17830544	3'UTR	0.014759149	46.9638997
1_10503349_10503350	m6A	16.5	51.285	AT1G29980	1	10503349	10503350	3'UTR	0.002575166	269.1659869
5_26411152_26411153	m6A	578.5	0.175	AT5G66040	5	26411152	26411153	3'UTR	9.84e-05	7045.655675
3_1617909_1617910	m6A	19	24.23	AT3G05580	3	1617909	1617910	3'UTR	0.003819782	181.4624938
4_156342_156343	m6A	18.5	5.505	AT4G00355	4	156342	156343	3'UTR	0.003775822	183.5751926
3_20532934_20532935	m6A	56.5	4.415	AT3G55380	3	20532934	20532935	3'UTR	0.006623686	104.6467401
1_30314382_30314383	m6A	18.5	28.03	AT1G80640	1	30314382	30314383	3'UTR	0.005709046	121.4120849
3_808467_808468	m6A	30	8.49	AT3G03380	3	808467	808468	3'UTR	0.000897506	772.3033107
3_16910802_16910803	m6A	65	2.265	AT3G46010	3	16910802	16910803	5'UTR	0.000444313	1560.043861
4_5849588_5849589	m6A	36.5	16.355	AT4G09180	4	5849588	5849589	3'UTR	0.008059166	86.00730775
1_7496203_7496204	m6A	59.5	10.9	AT1G21400	1	7496203	7496204	CDS	0.017108407	40.51500532
4_16086541_16086542	m6A	41.5	12.135	AT4G33430	4	16086541	16086542	3'UTR	0.000932542	743.2875499
5_4539138_4539139	m6A	91.5	7.65	AT5G14060	5	4539138	4539139	3'UTR	0.004393738	157.7579576
2_17059148_17059149	m6A	94.5	1.075	AT2G40890	2	17059148	17059149	CDS	0.006203408	111.7365156
1_29932367_29932368	m6A	19	17.785	AT1G79560	1	29932367	29932368	3'UTR	0.003449276	200.9544264
1_5414642_5414643	m6A	59	1.7	AT1G15740	1	5414642	5414643	3'UTR	0.026943638	25.72582029
2_13213464_13213465	m6A	22.5	13.095	AT2G31060	2	13213464	13213465	3'UTR	0.000608469	1139.165049
3_4565561_4565562	m6A	74.5	32.255	AT3G13870	3	4565561	4565562	3'UTR	0.001688198	410.58405
1_4939063_4939064	m6A	15.5	9.585	AT1G14440	1	4939063	4939064	3'UTR	0.028443952	24.36887749
4_130262_130263	m6A	71	7.33	AT4G00300	4	130262	130263	3'UTR	0.000521913	1328.090054
4_10699248_10699249	m6A	26.5	24.21	AT4G19670	4	10699248	10699249	3'UTR	0.019985488	34.6825238
4_456329_456330	m6A	443.5	0.225	AT4G01050	4	456329	456330	CDS	0.002474792	280.0830255
3_6553549_6553550	m6A	17	38.195	AT3G19000	3	6553549	6553550	3'UTR	0.009612766	72.1069419
3_22669459_22669460	m6A	29	27.39	AT3G61240	3	22669459	22669460	3'UTR	0.003625323	191.1959532
2_18103216_18103217	m6A	15.5	58.615	AT2G43650	2	18103216	18103217	3'UTR	0.003549875	195.2595844
4_1249460_1249461	m6A	48	29.22	AT4G02790	4	1249460	1249461	3'UTR	0.005909412	117.2954485
2_16829733_16829734	m6A	67	1.56	AT2G40290	2	16829733	16829734	CDS	0.002083903	332.6196453
4_13882791_13882792	m6A	45	62.05	AT4G27870	4	13882791	13882792	3'UTR	0.004222002	164.1749831
5_8865385_8865386	m6A	295	0.515	AT5G25460	5	8865385	8865386	CDS	0.003028243	228.8941521
5_1054119_1054120	m6A	36.5	34.59	AT5G03905	5	1054119	1054120	3'UTR	0.007808578	88.76740209
4_549078_549079	m6A	32.5	92.75	AT4G01320	4	549078	549079	3'UTR	0.000577842	1199.544517
4_11174408_11174409	m6A	98.5	1.475	AT4G20860	4	11174408	11174409	3'UTR	0.006743193	102.7921303
3_7442640_7442641	m6A	20	55.375	AT3G21215	3	7442640	7442641	3'UTR	0.002071664	334.584716
4_10036417_10036418	m6A	827	0.125	AT4G18100	4	10036417	10036418	CDS	0.003063229	226.2799112
2_14660502_14660503	m6A	63	3.26	AT2G34750	2	14660502	14660503	CDS	0.007183777	96.48784317
4_18302032_18302033	m6A	67.5	5.16	AT4G39350	4	18302032	18302033	3'UTR	0.002551849	271.6254214
4_2327215_2327216	m6A	25	7.55	AT4G04614	4	2327215	2327216	3'UTR	0.008426604	82.25700045
1_5179873_5179874	m6A	36.5	2.745	AT1G15030	1	5179873	5179874	3'UTR	0.003063135	226.286819
1_4761263_4761264	m6A	1192	0.165	AT1G13930	1	4761263	4761264	CDS	0.001643725	421.6928457
1_5489909_5489910	m6A	252	0.585	AT1G15980	1	5489909	5489910	CDS	0.005051208	137.2240473
4_13892983_13892984	m6A	18	10.625	AT4G27900	4	13892983	13892984	3'UTR	0.002102676	329.6499625
4_15245825_15245826	m6A	11	35.835	AT4G31410	4	15245825	15245826	3'UTR	0.009269577	74.77656791
3_7771984_7771985	m6A	99	1.04	AT3G22060	3	7771984	7771985	CDS	0.001507586	459.7728238
5_22327398_22327399	m6A	19.5	37.5	AT5G55040	5	22327398	22327399	3'UTR	0.016124083	42.98831582
3_190799_190800	m6A	202	27.91	AT3G01480	3	190799	190800	3'UTR	0.00270574	256.1765603
3_21928814_21928815	m6A	10.5	23.18	AT3G59340	3	21928814	21928815	3'UTR	0.006716093	103.2069054
2_17946977_17946978	m6A	640	1.49	AT2G43150	2	17946977	17946978	3'UTR	0.001422808	487.168629
2_11216610_11216611	m6A	72	20.155	AT2G26340	2	11216610	11216611	3'UTR	0.004498747	154.0756189
5_9209684_9209685	m6A	764	0.13	AT5G26280	5	9209684	9209685	CDS	0.002039932	339.7892758
3_20453026_20453027	m6A	43	63.04	AT3G55170	3	20453026	20453027	3'UTR	0.002820958	245.7133579
2_11291209_11291210	m6A	30.5	78.68	AT2G26550	2	11291209	11291210	3'UTR	0.006787457	102.1217856
1_1451072_1451073	m6A	22.5	46	AT1G05060	1	1451072	1451073	3'UTR	6.13e-21	1.13036e+20
2_14152807_14152808	m6A	23.5	6.435	AT2G33390	2	14152807	14152808	3'UTR	0.006892619	100.5636799
3_10350739_10350740	m6A	134	5.625	AT3G27890	3	10350739	10350740	3'UTR	0.005121949	135.3287906
3_19422988_19422989	m6A	289	3.64	AT3G52380	3	19422988	19422989	3'UTR	0.002831652	244.7854137
3_10987919_10987920	m6A	23	33.54	AT3G28970	3	10987919	10987920	3'UTR	0.00887023	78.14308587
1_17955355_17955356	m6A	12.5	83.975	AT1G48570	1	17955355	17955356	3'UTR	0.006403569	108.243892
1_6024798_6024799	m6A	12.5	91.665	AT1G17520	1	6024798	6024799	3'UTR	0.012065724	57.44762204
1_7181225_7181226	m6A	189	1.065	AT1G20696	1	7181225	7181226	3'UTR	0.000839297	825.8663816
5_26905339_26905340	m6A	291.5	0.345	AT5G67420	5	26905339	26905340	CDS	0.050171619	13.81552349
5_1143023_1143024	m6A	25	4.01	AT5G04160	5	1143023	1143024	3'UTR	0.004278242	162.0168176
3_3854676_3854677	m6A	15	65.275	AT3G12100	3	3854676	3854677	3'UTR	0.006286171	110.2654091
1_2703112_2703113	m6A	14	50	AT1G08530	1	2703112	2703113	3'UTR	0.003586718	193.2538654
1_20221246_20221247	m6A	15.5	68.07	AT1G54170	1	20221246	20221247	3'UTR	0.000844648	820.6339358
3_21018260_21018261	m6A	25	12.975	AT3G56750	3	21018260	21018261	3'UTR	0.009616174	72.08138965
2_18659063_18659064	m6A	15.5	50.855	AT2G45240	2	18659063	18659064	3'UTR	0.001519962	456.0291341
5_16735937_16735938	m6A	14.5	24.04	AT5G41800	5	16735937	16735938	3'UTR	0.006973132	99.40256412
5_25697526_25697527	m6A	108	18.945	AT5G64250	5	25697526	25697527	3'UTR	0.006368436	108.8410315
2_11764016_11764017	m6A	561	0.18	AT2G27530	2	11764016	11764017	CDS	0.003328978	208.2161854
1_19745269_19745270	m6A	30.5	57.855	AT1G53000	1	19745269	19745270	3'UTR	0.004304762	161.0186854
1_6402709_6402710	m6A	22.5	14.545	AT1G18600	1	6402709	6402710	3'UTR	0.001871107	370.4477119
4_8047969_8047970	m6A	211.5	0.935	AT4G13930	4	8047969	8047970	3'UTR	0.001182898	585.9739954
1_8557232_8557233	m6A	26.5	15.605	AT1G24170	1	8557232	8557233	3'UTR	0.010566044	65.6013937
2_18841178_18841179	m6A	156	6.35	AT2G45740	2	18841178	18841179	3'UTR	0.006893161	100.555778
3_19032712_19032713	m6A	101.5	1.45	AT3G51260	3	19032712	19032713	CDS	0.001311286	528.600883
1_30083822_30083823	m6A	40.5	66.575	AT1G79970	1	30083822	30083823	3'UTR	0.004824897	143.6605276
4_5646674_5646675	m6A	271	0.55	AT4G08870	4	5646674	5646675	CDS	0.002375692	291.7664171
4_17271879_17271880	m6A	17	41.18	AT4G36630	4	17271879	17271880	3'UTR	0.003286239	210.9241356
5_6973139_6973140	m6A	64.5	42.64	AT5G20620	5	6973139	6973140	3'UTR	0.000225636	3071.974067
4_12679034_12679035	m6A	50	12.12	AT4G24550	4	12679034	12679035	3'UTR	0.001921951	360.6477536
1_28152008_28152009	m6A	108	7.695	AT1G74960	1	28152008	28152009	3'UTR	0.002715513	255.2546172
3_18159841_18159842	m6A	266	0.55	AT3G48990	3	18159841	18159842	CDS	0.003645674	190.1286699
4_6422254_6422255	m6A	35	91.935	AT4G10360	4	6422254	6422255	3'UTR	0.006646126	104.2934159
1_25757559_25757560	m6A	592	1.605	AT1G68590	1	25757559	25757560	3'UTR	0.004436298	156.244507
1_2047480_2047481	m6A	13	30.625	AT1G06670	1	2047480	2047481	3'UTR	0.004702201	147.4090971
4_13830567_13830568	m6A	40	2.54	AT4G27710	4	13830567	13830568	3'UTR	0.009787328	70.82088123
1_12877158_12877159	m6A	18.5	10.44	AT1G35180	1	12877158	12877159	3'UTR	0.015168873	45.69536346
1_21379830_21379831	m6A	239	0.42	AT1G57720	1	21379830	21379831	CDS	0.000172487	4018.543487
5_26547236_26547237	m6A	51.5	4.675	AT5G66490	5	26547236	26547237	3'UTR	0.018489732	37.48822273
4_13722857_13722858	m6A	40	58.695	AT4G27430	4	13722857	13722858	3'UTR	0.005386763	128.6760157
3_18504811_18504812	m6A	12	8.57	AT3G49910	3	18504811	18504812	3'UTR	0.0033891	204.5225086
2_18755085_18755086	m6A	46.5	4.365	AT2G45520	2	18755085	18755086	3'UTR	0.002966674	233.6445586
5_21413904_21413905	m6A	170	0.595	AT5G52840	5	21413904	21413905	CDS	0.000548255	1264.279009
1_19505919_19505920	m6A	42	8.31	AT1G52360	1	19505919	19505920	3'UTR	0.001366599	507.2061175
3_23227847_23227848	m6A	59	1.705	AT3G62810	3	23227847	23227848	CDS	0.001439115	481.6481654
5_8887868_8887869	m6A	14	7.14	AT5G25520	5	8887868	8887869	CDS	0.007794765	88.92470031
2_16194524_16194525	m6A	74	10.68	AT2G38740	2	16194524	16194525	3'UTR	2.99e-12	2.3162e+11
2_973468_973469	m6A	18	18.75	AT2G03240	2	973468	973469	3'UTR	0.016707663	41.4867819
1_4386548_4386549	m6A	27	61.125	AT1G12860	1	4386548	4386549	3'UTR	0.019515329	35.51808851
3_1321218_1321219	m6A	22	76.105	AT3G04810	3	1321218	1321219	3'UTR	0.023462365	29.54293694
1_27764384_27764385	m6A	27.5	3.635	AT1G73840	1	27764384	27764385	CDS	0.007289154	95.09294806
1_27285718_27285719	m6A	13.5	18.405	AT1G72470	1	27285718	27285719	3'UTR	0.009747473	71.11044706
1_5727097_5727098	m6A	67	1.49	AT1G16730	1	5727097	5727098	CDS	0.005906776	117.3477973
5_1110572_1110573	m6A	14.5	20.915	AT5G04110	5	1110572	1110573	3'UTR	0.015514999	44.67594225
2_18526739_18526740	m6A	59	62.79	AT2G44920	2	18526739	18526740	3'UTR	0.009968981	69.53039219
1_21738335_21738336	m6A	33.5	5.72	AT1G58520	1	21738335	21738336	3'UTR	0.012963634	53.46858555
1_6940477_6940478	m6A	101.5	2.435	AT1G20010	1	6940477	6940478	CDS	0.003134485	221.1359248
5_21200109_21200110	m6A	16	50	AT5G52180	5	21200109	21200110	3'UTR	0.006856452	101.0941527
1_3107652_3107653	m6A	333	0.605	AT1G09590	1	3107652	3107653	3'UTR	0.00149417	463.9012657
3_20878612_20878613	m6A	188.5	2.115	AT3G56290	3	20878612	20878613	3'UTR	0.008915488	77.74640809
5_1946696_1946697	m6A	79	1.295	AT5G06360	5	1946696	1946697	3'UTR	0.004192222	165.34123
4_8243149_8243150	m6A	552.5	0.365	AT4G14320	4	8243149	8243150	CDS	0.001014476	683.2563446
4_9907629_9907630	m6A	47	30.775	AT4G17810	4	9907629	9907630	3'UTR	0.016362393	42.36221301
5_24567101_24567102	m6A	24.5	53	AT5G61060	5	24567101	24567102	3'UTR	0.001816986	381.4819364
3_14750_14751	m6A	27.5	13.175	AT3G01050	3	14750	14751	3'UTR	0.004873812	142.2186815
1_6649386_6649387	m6A	15	6.67	AT1G19240	1	6649386	6649387	3'UTR	0.006013982	115.2559381
1_26921230_26921231	m6A	13	84.62	AT1G71440	1	26921230	26921231	3'UTR	0.006290716	110.1857332
3_5594267_5594268	m6A	591	0.455	AT3G16460	3	5594267	5594268	CDS	0.001227006	564.909565
3_20363420_20363421	m6A	41.5	3.96	AT3G54960	3	20363420	20363421	3'UTR	0.003441805	201.3906182
2_9451640_9451641	m6A	64.5	50.195	AT2G22240	2	9451640	9451641	3'UTR	0.001427197	485.6702077
3_4395983_4395984	m6A	30.5	4.815	AT3G13490	3	4395983	4395984	CDS	0.003078955	225.1241813
5_849017_849018	m6A	27.5	16.4	AT5G03430	5	849017	849018	3'UTR	0.009711867	71.37115397
5_4472755_4472756	m6A	187.5	2.19	AT5G13850	5	4472755	4472756	3'UTR	0.000525696	1318.5327
5_21792415_21792416	m6A	25.5	76.46	AT5G53650	5	21792415	21792416	3'UTR	0.005451349	127.1515028
1_7233424_7233425	m6A	83	15.01	AT1G20810	1	7233424	7233425	3'UTR	0.009371797	73.9609673
4_13408482_13408483	m6A	50	70.855	AT4G26570	4	13408482	13408483	3'UTR	0.00095816	723.415082
3_18314777_18314778	m6A	34	5.905	AT3G49390	3	18314777	18314778	3'UTR	0.000918888	754.3327273
3_2534389_2534390	m6A	41	2.535	AT3G07950	3	2534389	2534390	3'UTR	0.002818125	245.9603765
1_8469608_8469609	m6A	25	76.44	AT1G23950	1	8469608	8469609	3'UTR	0.003787362	183.0158245
2_7245563_7245564	m6A	22	16.045	AT2G16700	2	7245563	7245564	3'UTR	0.014566182	47.586058
2_1687215_1687216	m6A	35.5	14.165	AT2G04800	2	1687215	1687216	3'UTR	0.001674388	413.9704462
5_18576050_18576051	m6A	26	9.615	AT5G45800	5	18576050	18576051	CDS	0.021995847	31.51263914
4_5636616_5636617	m6A	57.5	4.64	AT4G08850	4	5636616	5636617	3'UTR	0.008865682	78.18317463
5_24284854_24284855	m6A	16	15.625	AT5G60370	5	24284854	24284855	3'UTR	0.008694477	79.72270355
3_4565695_4565696	m6A	65	2.25	AT3G13870	3	4565695	4565696	3'UTR	0.001688198	410.58405
1_28780192_28780193	m6A	96.5	1.52	AT1G76690	1	28780192	28780193	CDS	0.008102368	85.54871807
1_11771845_11771846	m6A	40.5	60.555	AT1G32550	1	11771845	11771846	3'UTR	0.004432266	156.3866469
4_8520059_8520060	m6A	399.5	0.375	AT4G14880	4	8520059	8520060	5'UTR	1.09e-11	63597432401
3_21296959_21296960	m6A	37.5	2.67	AT3G57530	3	21296959	21296960	CDS	0.011016615	62.9183445
4_15099968_15099969	m6A	102.5	75.235	AT4G30993	4	15099968	15099969	3'UTR	0.003923193	176.6793501
5_1615171_1615172	m6A	21	4.76	AT5G05450	5	1615171	1615172	CDS	0.003954581	175.2770141
3_4651037_4651038	m6A	29.5	3.39	AT3G14050	3	4651037	4651038	CDS	0.000476452	1454.809103
3_22801162_22801163	m6A	11.5	46.925	AT3G61610	3	22801162	22801163	3'UTR	0.010176093	68.11525278
5_23207044_23207045	m6A	677.5	2.73	AT5G57290	5	23207044	23207045	3'UTR	0.000830356	834.7587898
3_21995842_21995843	m6A	646	0.77	AT3G59540	3	21995842	21995843	3'UTR	0.002688669	257.803111
5_22926808_22926809	m6A	31.5	6.35	AT5G56630	5	22926808	22926809	3'UTR	0.003259413	212.6601207
4_11151718_11151719	m6A	18.5	5.41	AT4G20820	4	11151718	11151719	CDS	0.012941602	53.55961202
1_29568745_29568746	m6A	43.5	35.715	AT1G78600	1	29568745	29568746	3'UTR	0.00710159	97.60450613
5_10540489_10540490	m6A	62.5	2.335	AT5G28540	5	10540489	10540490	3'UTR	0.004050843	171.1118261
2_1515431_1515432	m6A	11	76.665	AT2G04340	2	1515431	1515432	3'UTR	0.006329896	109.503728
5_7359898_7359899	m6A	55	7.195	AT5G22210	5	7359898	7359899	3'UTR	0.006854806	101.1184244
5_23528760_23528761	m6A	87.5	1.76	AT5G58140	5	23528760	23528761	CDS	0.006428994	107.8158105
3_20806707_20806708	m6A	35.5	20.04	AT3G56070	3	20806707	20806708	3'UTR	0.005493942	126.1657335
3_9532556_9532557	m6A	40	2.5	AT3G26085	3	9532556	9532557	3'UTR	0.006747435	102.7275045
5_19331238_19331239	m6A	23.5	46.74	AT5G47710	5	19331238	19331239	3'UTR	0.008124002	85.32090641
5_21868751_21868752	m6A	54.5	11.81	AT5G53860	5	21868751	21868752	3'UTR	0.005543174	125.0451834
1_14158550_14158551	m6A	326	0.31	AT1G37130	1	14158550	14158551	5'UTR	0.029532503	23.47065464
5_7061461_7061462	m6A	35	16.495	AT5G20840	5	7061461	7061462	3'UTR	0.007959015	87.08956515
4_17776790_17776791	m6A	726.5	0.135	AT4G37800	4	17776790	17776791	CDS	0.002609091	265.6661522
1_19325160_19325161	m6A	122	1.655	AT1G51980	1	19325160	19325161	CDS	2.24e-05	30881.88224
1_20276163_20276164	m6A	77.5	1.34	AT1G54320	1	20276163	20276164	CDS	0.002508303	276.3410814
4_10727637_10727638	m6A	21.5	7.35	AT4G19710	4	10727637	10727638	CDS	0.000992893	698.1085507
1_10792523_10792524	m6A	13	43.75	AT1G30480	1	10792523	10792524	3'UTR	0.00957413	72.39792516
4_5777334_5777335	m6A	527	1.425	AT4G09000	4	5777334	5777335	3'UTR	0.004187481	165.5284351
2_96463_96464	m6A	125	0.8	AT2G01140	2	96463	96464	CDS	0.000414388	1672.699008
2_16672329_16672330	m6A	16.5	42.265	AT2G39930	2	16672329	16672330	3'UTR	0.009356607	74.08104209
1_4016837_4016838	m6A	60	67.675	AT1G11910	1	4016837	4016838	3'UTR	0.006945033	99.80473061
1_7297310_7297311	m6A	49	8.965	AT1G20950	1	7297310	7297311	3'UTR	0.00221149	313.4299271
5_14814785_14814786	m6A	18.5	5.61	AT5G37370	5	14814785	14814786	CDS	0.00397014	174.5901026
1_28009618_28009619	m6A	23.5	6.2	AT1G74530	1	28009618	28009619	3'UTR	0.004794239	144.5791869
5_21983432_21983433	m6A	540	0.275	AT5G54160	5	21983432	21983433	CDS	0.00342262	202.5194511
2_9451740_9451741	m6A	89	31.755	AT2G22240	2	9451740	9451741	3'UTR	0.001427197	485.6702077
2_18814789_18814790	m6A	51	1.96	AT2G45670	2	18814789	18814790	3'UTR	0.004066025	170.4729277
1_18237167_18237168	m6A	43.5	65.635	AT1G49300	1	18237167	18237168	3'UTR	0.003290828	210.6300066
3_314747_314748	m6A	59	1.69	AT3G01910	3	314747	314748	3'UTR	0.000549847	1260.618737
4_8337025_8337026	m6A	58.5	5.96	AT4G14500	4	8337025	8337026	3'UTR	0.016387434	42.29748187
3_1955027_1955028	m6A	44	7.43	AT3G06420	3	1955027	1955028	3'UTR	0.002957467	234.3718785
1_24540680_24540681	m6A	685.5	0.37	AT1G65930	1	24540680	24540681	CDS	0.001989281	348.4411429
1_28902507_28902508	m6A	15.5	78.865	AT1G76940	1	28902507	28902508	3'UTR	0.007387516	93.82683008
4_9937356_9937357	m6A	32	3.12	AT4G17890	4	9937356	9937357	CDS	0.003989948	173.723351
1_8080267_8080268	m6A	380	0.265	AT1G22840	1	8080267	8080268	CDS	0.002489862	278.3878366
1_18035978_18035979	m6A	79.5	1.99	AT1G48750	1	18035978	18035979	5'UTR	0.010981449	63.11982772
1_12030195_12030196	m6A	24.5	4.1	AT1G33170	1	12030195	12030196	CDS	0.002424264	285.9207041
3_18756554_18756555	m6A	35.5	15.565	AT3G50530	3	18756554	18756555	3'UTR	0.009806678	70.68113966
3_10672205_10672206	m6A	16	9.125	AT3G28460	3	10672205	10672206	3'UTR	0.00501884	138.1090301
2_17376248_17376249	m6A	196	13.52	AT2G41680	2	17376248	17376249	3'UTR	0.001926144	359.8625567
3_1797301_1797302	m6A	11.5	12.69	AT3G05990	3	1797301	1797302	CDS	0.012389802	55.94497647
5_20878688_20878689	m6A	74	3.955	AT5G51400	5	20878688	20878689	3'UTR	0.009742278	71.1483649
1_28034663_28034664	m6A	93	1.075	AT1G74640	1	28034663	28034664	3'UTR	0.002548576	271.9742989
1_5415003_5415004	m6A	57.5	38.755	AT1G15750	1	5415003	5415004	3'UTR	0.003932138	176.2774377
1_26234848_26234849	m6A	185	95.545	AT1G69740	1	26234848	26234849	3'UTR	3.64e-05	19035.26302
5_2892390_2892391	m6A	14.5	33.08	AT5G09330	5	2892390	2892391	3'UTR	0.005846767	118.5522073
2_11167105_11167106	m6A	35	70.015	AT2G26230	2	11167105	11167106	3'UTR	0.002017263	343.6078056
1_23883057_23883058	m6A	23	4.36	AT1G64350	1	23883057	23883058	CDS	0.006661537	104.0521423
4_17176502_17176503	m6A	51	1.96	AT4G36360	4	17176502	17176503	3'UTR	0.002518569	275.2146886
1_28215718_28215719	m6A	30	4.855	AT1G75170	1	28215718	28215719	3'UTR	0.004722515	146.7750175
2_7989587_7989588	m6A	54.5	56.18	AT2G18400	2	7989587	7989588	3'UTR	0.000854745	810.9405682
2_13846997_13846998	m6A	17	17.19	AT2G32640	2	13846997	13846998	3'UTR	0.011922617	58.13716559
5_24369696_24369697	m6A	26.5	37.68	AT5G60620	5	24369696	24369697	3'UTR	0.003404611	203.5906977
2_10628363_10628364	m6A	11	36.665	AT2G24990	2	10628363	10628364	3'UTR	0.008467645	81.85831782
3_1432678_1432679	m6A	11.5	29.925	AT3G05120	3	1432678	1432679	3'UTR	0.012146588	57.06517469
1_25236726_25236727	m6A	165.5	1.18	AT1G67350	1	25236726	25236727	3'UTR	0.000947811	731.3136223
4_842205_842206	m6A	138.5	1.07	AT4G01940	4	842205	842206	CDS	0.002452611	282.6159988
2_16672685_16672686	m6A	23	4.665	AT2G39940	2	16672685	16672686	3'UTR	0.016400159	42.26466149
3_5121531_5121532	m6A	85.5	1.18	AT3G15210	3	5121531	5121532	CDS	0.03306717	20.96179305
3_3470004_3470005	m6A	17.5	5.72	AT3G11070	3	3470004	3470005	3'UTR	0.009538005	72.6721348
1_10286301_10286302	m6A	35	8.335	AT1G29390	1	10286301	10286302	3'UTR	0.001321889	524.3613007
2_18386111_18386112	m6A	26.5	33.55	AT2G44530	2	18386111	18386112	3'UTR	0.001700205	407.684387
2_13387035_13387036	m6A	24.5	57.335	AT2G31400	2	13387035	13387036	3'UTR	0.000566869	1222.763376
5_8865387_8865388	m6A	322.5	0.31	AT5G25460	5	8865387	8865388	CDS	0.003028243	228.8941521
5_4837201_4837202	m6A	16	97.06	AT5G14950	5	4837201	4837202	3'UTR	0.003947528	175.590198
4_18328139_18328140	m6A	60	1.715	AT4G39400	4	18328139	18328140	CDS	0.016108523	43.02984149
3_6611227_6611228	m6A	33.5	36.025	AT3G19130	3	6611227	6611228	3'UTR	0.006212181	111.5787207
2_11763272_11763273	m6A	32.5	3.205	AT2G27530	2	11763272	11763273	3'UTR	0.003328978	208.2161854
3_8195563_8195564	m6A	270	0.37	AT3G23050	3	8195563	8195564	CDS	0.001592531	435.2486518
1_26363628_26363629	m6A	56	7.14	AT1G70000	1	26363628	26363629	3'UTR	0.01789536	38.733346
1_17868261_17868262	m6A	704.5	0.425	AT1G48350	1	17868261	17868262	CDS	0.00136447	507.9974876
3_14878005_14878006	m6A	94.5	2	AT3G42790	3	14878005	14878006	3'UTR	0.005414246	128.022838
1_8808044_8808045	m6A	27	12.62	AT1G25055	1	8808044	8808045	3'UTR	0.011984002	57.83937617
5_2207008_2207009	m6A	23	27.915	AT5G07120	5	2207008	2207009	3'UTR	0.009726033	71.26720405
3_17088588_17088589	m6A	230	1.935	AT3G46430	3	17088588	17088589	3'UTR	0.002319433	298.8434234
2_9624064_9624065	m6A	37	78.025	AT2G22640	2	9624064	9624065	3'UTR	0.008097414	85.60105518
1_28541428_28541429	m6A	15	6.695	AT1G76050	1	28541428	28541429	CDS	0.009010555	76.92613668
3_1418040_1418041	m6A	13	7.88	AT3G05090	3	1418040	1418041	CDS	0.004312239	160.7395159
5_20246655_20246656	m6A	27.5	5.42	AT5G49820	5	20246655	20246656	3'UTR	0.005378793	128.866688
4_9341001_9341002	m6A	14	77.95	AT4G16580	4	9341001	9341002	3'UTR	0.002731029	253.8043724
1_13701478_13701479	m6A	38.5	19.5	AT1G36380	1	13701478	13701479	3'UTR	0.005873557	118.0114932
1_21680421_21680422	m6A	48.5	9.105	AT1G58360	1	21680421	21680422	3'UTR	0.006650198	104.2295513
3_8562889_8562890	m6A	34.5	11.64	AT3G23760	3	8562889	8562890	3'UTR	0.00985266	70.35127448
3_21101582_21101583	m6A	31	38.975	AT3G57030	3	21101582	21101583	3'UTR	0.002559953	270.7655923
5_26521809_26521810	m6A	27.5	61.07	AT5G66420	5	26521809	26521810	3'UTR	0.000474143	1461.89518
5_24121647_24121648	m6A	747	2.075	AT5G59880	5	24121647	24121648	3'UTR	0.000488485	1418.973769
2_2270165_2270166	m6A	82	1.22	AT2G05920	2	2270165	2270166	CDS	0.004742097	146.1689178
3_8928189_8928190	m6A	12	54.165	AT3G24506	3	8928189	8928190	3'UTR	0.005202932	133.2224234
5_5082118_5082119	m6A	63	30.62	AT5G15610	5	5082118	5082119	3'UTR	0.004317363	160.5487412
3_1067825_1067826	m6A	12	29.02	AT3G04080	3	1067825	1067826	3'UTR	0.00397024	174.5857062
2_13351376_13351377	m6A	27.5	7.335	AT2G31305	2	13351376	13351377	3'UTR	0.006017896	115.1809912
4_17187729_17187730	m6A	18	40	AT4G36380	4	17187729	17187730	3'UTR	0.032361369	21.41896981
1_6945038_6945039	m6A	13	17.88	AT1G20020	1	6945038	6945039	3'UTR	0.003479564	199.2051694
3_22154476_22154477	m6A	45	61.38	AT3G59980	3	22154476	22154477	3'UTR	0.002573231	269.3684099
1_29844348_29844349	m6A	131	0.765	AT1G79340	1	29844348	29844349	CDS	0.000449209	1543.037796
2_9103255_9103256	m6A	47	25.535	AT2G21250	2	9103255	9103256	3'UTR	0.002189163	316.626604
1_26430730_26430731	m6A	35	2.86	AT1G70190	1	26430730	26430731	CDS	0.005442824	127.3506409
3_198743_198744	m6A	16.5	20.24	AT3G01510	3	198743	198744	3'UTR	0.002032836	340.9753919
3_16165197_16165198	m6A	16	76.72	AT3G44600	3	16165197	16165198	3'UTR	0.003893709	178.017186
4_5931297_5931298	m6A	95	26.46	AT4G09350	4	5931297	5931298	3'UTR	0.016293021	42.54258306
1_10735785_10735786	m6A	49	2.04	AT1G30400	1	10735785	10735786	CDS	0.005161079	134.3027605
4_225280_225281	m6A	11	9.165	AT4G00500	4	225280	225281	CDS	0.00121474	570.613772
5_18629585_18629586	m6A	82	39.93	AT5G45930	5	18629585	18629586	3'UTR	0.004253001	162.9783832
4_8242663_8242664	m6A	606.5	4.76	AT4G14320	4	8242663	8242664	3'UTR	0.001014476	683.2563446
1_24634408_24634409	m6A	76.5	12.72	AT1G66150	1	24634408	24634409	CDS	0.012053788	57.50451018
5_21217997_21217998	m6A	13	15.38	AT5G52250	5	21217997	21217998	CDS	0.017121298	40.48449874
4_16504239_16504240	m6A	33	46.505	AT4G34555	4	16504239	16504240	3'UTR	0.004943287	140.2198979
2_13486410_13486411	m6A	12	21.325	AT2G31725	2	13486410	13486411	3'UTR	0.004955361	139.8782492
1_25755805_25755806	m6A	31.5	19.005	AT1G68580	1	25755805	25755806	3'UTR	0.026276866	26.37860923
5_26937160_26937161	m6A	132.5	1.47	AT5G67500	5	26937160	26937161	3'UTR	0.002127259	325.8404463
5_25252107_25252108	m6A	20.5	43.93	AT5G62910	5	25252107	25252108	3'UTR	0.010272214	67.47787485
1_11602102_11602103	m6A	93.5	5.575	AT1G32200	1	11602102	11602103	3'UTR	0.0042479	163.174097
4_13286022_13286023	m6A	302	0.33	AT4G26230	4	13286022	13286023	5'UTR	0.006378234	108.6738445
2_15165901_15165902	m6A	360	0.28	AT2G36120	2	15165901	15165902	CDS	7.85e-21	8.83419e+19
5_19771926_19771927	m6A	85.5	1.18	AT5G48760	5	19771926	19771927	CDS	0.006079698	114.0101284
5_5789903_5789904	m6A	42.5	4.395	AT5G17560	5	5789903	5789904	3'UTR	0.005317969	130.3405842
1_5726550_5726551	m6A	97	1.585	AT1G16730	1	5726550	5726551	3'UTR	0.005906776	117.3477973
3_5455743_5455744	m6A	363.5	0.54	AT3G16080	3	5455743	5455744	3'UTR	0.004163546	166.4800023
1_20401609_20401610	m6A	225	1.335	AT1G54630	1	20401609	20401610	3'UTR	1.42e-05	48908.61044
1_7319493_7319494	m6A	20	15.625	AT1G20970	1	7319493	7319494	3'UTR	0.001981202	349.8619905
4_15669548_15669549	m6A	450.5	1.435	AT4G32470	4	15669548	15669549	3'UTR	0.00347992	199.1848196
3_2054763_2054764	m6A	52	1.94	AT3G06590	3	2054763	2054764	CDS	0.006223335	111.3787347
3_2991476_2991477	m6A	82.5	1.8	AT3G09740	3	2991476	2991477	3'UTR	0.000381621	1816.322567
3_19225757_19225758	m6A	188.5	1.56	AT3G51840	3	19225757	19225758	CDS	0.001283923	539.8666022
3_3605282_3605283	m6A	37.5	7.775	AT3G11450	3	3605282	3605283	3'UTR	0.012332811	56.20350379
1_1293151_1293152	m6A	63.5	9.895	AT1G04640	1	1293151	1293152	CDS	0.010482436	66.1246298
1_18377362_18377363	m6A	12	18.57	AT1G49650	1	18377362	18377363	CDS	0.006825324	101.5552071
1_10816806_10816807	m6A	11	22.725	AT1G30540	1	10816806	10816807	3'UTR	0.004976383	139.2873574
1_5779236_5779237	m6A	14	25.385	AT1G16900	1	5779236	5779237	3'UTR	0.007349135	94.31683628
1_1645588_1645589	m6A	250.5	1.975	AT1G05560	1	1645588	1645589	3'UTR	0.017291248	40.0865899
2_13829281_13829282	m6A	47	26.675	AT2G32580	2	13829281	13829282	3'UTR	0.001845804	375.5257908
3_18676284_18676285	m6A	37	5.44	AT3G50370	3	18676284	18676285	3'UTR	0.002853792	242.886378
3_368766_368767	m6A	157.5	0.635	AT3G02090	3	368766	368767	3'UTR	0.000206963	3349.137429
5_22390606_22390607	m6A	47.5	5.295	AT5G55180	5	22390606	22390607	3'UTR	0.003780809	183.3330357
5_5215465_5215466	m6A	10.5	29.09	AT5G15980	5	5215465	5215466	3'UTR	0.004895346	141.593079
3_2255736_2255737	m6A	12.5	8.01	AT3G07130	3	2255736	2255737	3'UTR	0.00899389	77.0686734
3_5213646_5213647	m6A	511	0.39	AT3G15450	3	5213646	5213647	CDS	0.016700511	41.50455018
1_9498229_9498230	m6A	166.5	2.395	AT1G27350	1	9498229	9498230	3'UTR	0.000958305	723.3057294
4_11771252_11771253	m6A	28	3.57	AT4G22260	4	11771252	11771253	CDS	0.001442687	480.4556915
2_13382149_13382150	m6A	91	1.1	AT2G31380	2	13382149	13382150	CDS	0.015147678	45.75930323
2_8782500_8782501	m6A	16	46.865	AT2G20340	2	8782500	8782501	3'UTR	0.020331334	34.09255749
5_5908324_5908325	m6A	22	13.335	AT5G17870	5	5908324	5908325	3'UTR	0.004009685	172.8682319
4_9829618_9829619	m6A	31	6.195	AT4G17650	4	9829618	9829619	3'UTR	0.003071438	225.675162
2_18814919_18814920	m6A	54	30.38	AT2G45670	2	18814919	18814920	3'UTR	0.004066025	170.4729277
1_7007833_7007834	m6A	46	17.235	AT1G20225	1	7007833	7007834	3'UTR	0.002280186	303.9871562
2_8690507_8690508	m6A	21	13.865	AT2G20130	2	8690507	8690508	3'UTR	0.002036279	340.398937
2_1121920_1121921	m6A	353.5	1.69	AT2G03680	2	1121920	1121921	3'UTR	0.000666315	1040.269123
1_11088545_11088546	m6A	18.5	5.93	AT1G31070	1	11088545	11088546	3'UTR	0.00528475	131.159874
5_3816580_3816581	m6A	12.5	8.01	AT5G11850	5	3816580	3816581	3'UTR	0.001281174	541.0249385
4_9247357_9247358	m6A	31	12.9	AT4G16370	4	9247357	9247358	3'UTR	0.009419642	73.58530299
5_5932765_5932766	m6A	11	86.665	AT5G17910	5	5932765	5932766	3'UTR	0.003290805	210.6315035
5_360910_360911	m6A	50.5	51.315	AT5G01920	5	360910	360911	3'UTR	0.014237474	48.6847007
4_8093189_8093190	m6A	90.5	1.625	AT4G14010	4	8093189	8093190	CDS	0.006228678	111.2831861
1_10041807_10041808	m6A	15	44.495	AT1G28570	1	10041807	10041808	3'UTR	0.001494508	463.7962988
5_4617702_4617703	m6A	426.5	1.65	AT5G14320	5	4617702	4617703	3'UTR	0.001406535	492.8049392
5_9942002_9942003	m6A	25	5.845	AT5G27920	5	9942002	9942003	3'UTR	0.029147412	23.78074533
2_18035534_18035535	m6A	13.5	20.17	AT2G43430	2	18035534	18035535	3'UTR	0.007346963	94.34471889
1_18594375_18594376	m6A	73	1.37	AT1G50200	1	18594375	18594376	CDS	0.001141991	606.9636836
4_12708838_12708839	m6A	104	6.255	AT4G24620	4	12708838	12708839	3'UTR	0.001927924	359.5303016
3_19834403_19834404	m6A	83.5	11.945	AT3G53500	3	19834403	19834404	3'UTR	0.00310095	223.5273869
3_18922130_18922131	m6A	30	20.02	AT3G50910	3	18922130	18922131	3'UTR	0.001544018	448.9242513
5_1246461_1246462	m6A	46	6.38	AT5G04410	5	1246461	1246462	3'UTR	0.001396944	496.1881314
3_17733787_17733788	m6A	32.5	9.85	AT3G48050	3	17733787	17733788	3'UTR	0.00688034	100.7431526
4_13876082_13876083	m6A	43.5	2.315	AT4G27860	4	13876082	13876083	CDS	0.008119358	85.36970016
4_16083176_16083177	m6A	28	87.16	AT4G33410	4	16083176	16083177	3'UTR	0.003101868	223.4612003
5_22544208_22544209	m6A	13	33.93	AT5G55670	5	22544208	22544209	3'UTR	0.009469701	73.19630743
2_9015279_9015280	m6A	97	1.03	AT2G20990	2	9015279	9015280	CDS	0.001269491	546.0038138
5_23435400_23435401	m6A	36.5	17.13	AT5G57850	5	23435400	23435401	3'UTR	0.002665927	260.002281
3_8423181_8423182	m6A	197.5	3.04	AT3G23490	3	8423181	8423182	3'UTR	0.00956514	72.46597281
3_4381976_4381977	m6A	28.5	10.37	AT3G13445	3	4381976	4381977	3'UTR	0.004376006	158.3972368
5_26061388_26061389	m6A	928.5	0.11	AT5G65220	5	26061388	26061389	CDS	0.002776414	249.65552
2_14819088_14819089	m6A	16.5	84.81	AT2G35155	2	14819088	14819089	3'UTR	0.010511488	65.9418715
4_11656869_11656870	m6A	98	33.13	AT4G21980	4	11656869	11656870	3'UTR	0.006136478	112.9552133
5_22684054_22684055	m6A	155	3.555	AT5G56010	5	22684054	22684055	3'UTR	0.002335635	296.7703572
5_24232852_24232853	m6A	37.5	5.345	AT5G60170	5	24232852	24232853	3'UTR	0.012374868	56.01249078
3_21712911_21712912	m6A	91	1.105	AT3G58700	3	21712911	21712912	3'UTR	0.002744389	252.5688959
1_1141704_1141705	m6A	581	12.6	AT1G04270	1	1141704	1141705	3'UTR	0.001457761	475.4875598
5_4997720_4997721	m6A	30.5	91.705	AT5G15400	5	4997720	4997721	3'UTR	0.000360426	1923.132788
5_22264697_22264698	m6A	160.5	0.965	AT5G54810	5	22264697	22264698	3'UTR	0.00106736	649.4033435
5_24878571_24878572	m6A	24	91.955	AT5G61960	5	24878571	24878572	3'UTR	0.00590486	117.3858696
4_18162983_18162984	m6A	27	14.97	AT4G38960	4	18162983	18162984	CDS	0.019258523	35.99171067
5_8219438_8219439	m6A	70	6.28	AT5G24210	5	8219438	8219439	CDS	0.010852651	63.86892698
3_22333576_22333577	m6A	22	13.895	AT3G60410	3	22333576	22333577	3'UTR	0.007394135	93.74283329
5_627090_627091	m6A	16.5	30.075	AT5G02770	5	627090	627091	3'UTR	0.005792688	119.6589931
5_2517546_2517547	m6A	14	14.285	AT5G07890	5	2517546	2517547	3'UTR	0.008222044	84.30351454
4_12708832_12708833	m6A	111.5	31.88	AT4G24620	4	12708832	12708833	3'UTR	0.001927924	359.5303016
3_5635973_5635974	m6A	29.5	57.525	AT3G16560	3	5635973	5635974	3'UTR	0.038373288	18.06327298
3_17790465_17790466	m6A	15.5	6.51	AT3G48180	3	17790465	17790466	3'UTR	NA	NA
3_20899476_20899477	m6A	31.5	3.24	AT3G56370	3	20899476	20899477	CDS	0.019834024	34.9473798
3_2049021_2049022	m6A	25	29.8	AT3G06580	3	2049021	2049022	3'UTR	0.000998416	694.2470801
5_2600729_2600730	m6A	18.5	10.09	AT5G08120	5	2600729	2600730	3'UTR	0.007590492	91.31782558
4_14689196_14689197	m6A	13	15.385	AT4G30060	4	14689196	14689197	3'UTR	0.003085647	224.6359611
3_884099_884100	m6A	30	8.71	AT3G03640	3	884099	884100	3'UTR	0.000522684	1326.129743
2_9830213_9830214	m6A	1096	0.135	AT2G23090	2	9830213	9830214	CDS	1.08e-20	6.40289e+19
5_1493987_1493988	m6A	69.5	58.995	AT5G05060	5	1493987	1493988	3'UTR	0.000288033	2406.483884
5_799050_799051	m6A	121.5	39.525	AT5G03300	5	799050	799051	3'UTR	0.003012461	230.0933463
4_18054877_18054878	m6A	26.5	3.775	AT4G38620	4	18054877	18054878	3'UTR	0.003613179	191.8385901
5_3669218_3669219	m6A	82.5	15.175	AT5G11480	5	3669218	3669219	3'UTR	0.004381283	158.2064559
1_25710862_25710863	m6A	61.5	1.645	AT1G68520	1	25710862	25710863	5'UTR	0.056791784	12.20506093
2_7685617_7685618	m6A	15	36.875	AT2G17700	2	7685617	7685618	3'UTR	0.009925694	69.83362148
3_7885485_7885486	m6A	37	9.04	AT3G22290	3	7885485	7885486	3'UTR	0.002591024	267.5186099
4_13690953_13690954	m6A	23.5	4.305	AT4G27350	4	13690953	13690954	3'UTR	0.00917621	75.53741278
2_6791353_6791354	m6A	30.5	6.56	AT2G15570	2	6791353	6791354	3'UTR	0.009046684	76.61892413
4_12663022_12663023	m6A	56.5	27.72	AT4G24520	4	12663022	12663023	3'UTR	0.002517724	275.3070678
2_17651359_17651360	m6A	21.5	60.11	AT2G42390	2	17651359	17651360	3'UTR	0.005650103	122.678677
4_2738866_2738867	m6A	76	1.935	AT4G05390	4	2738866	2738867	CDS	0.008627968	80.3372409
3_4784153_4784154	m6A	31.5	3.275	AT3G14350	3	4784153	4784154	CDS	0.003417205	202.8403691
1_9207300_9207301	m6A	302.5	2	AT1G26630	1	9207300	9207301	3'UTR	7.01e-21	9.89092e+19
1_17868270_17868271	m6A	706.5	0.14	AT1G48350	1	17868270	17868271	CDS	0.00136447	507.9974876
3_21909207_21909208	m6A	80.5	85.225	AT3G59280	3	21909207	21909208	3'UTR	0.00420053	165.0142154
5_618323_618324	m6A	41	43.24	AT5G02740	5	618323	618324	3'UTR	0.002876688	240.9531773
5_22245578_22245579	m6A	233.5	49.685	AT5G54760	5	22245578	22245579	3'UTR	0.001868933	370.8786111
3_8536328_8536329	m6A	12	87.5	AT3G23710	3	8536328	8536329	3'UTR	0.007380559	93.91527306
1_1163210_1163211	m6A	19.5	30.555	AT1G04340	1	1163210	1163211	3'UTR	0.005614425	123.4582748
1_9963928_9963929	m6A	22.5	4.465	AT1G28380	1	9963928	9963929	CDS	0.001077561	643.2555477
5_2765572_2765573	m6A	52	58.975	AT5G08540	5	2765572	2765573	3'UTR	0.002806363	246.9913096
5_6683899_6683900	m6A	183	0.555	AT5G19770	5	6683899	6683900	CDS	0.000913377	758.8841901
5_3915646_3915647	m6A	157.5	0.93	AT5G12110	5	3915646	3915647	CDS	0.018743229	36.98120463
5_21960425_21960426	m6A	66	2.49	AT5G54110	5	21960425	21960426	3'UTR	0.004832173	143.4442001
4_10202636_10202637	m6A	571	0.175	AT4G18480	4	10202636	10202637	CDS	0.004065206	170.5072599
1_24997447_24997448	m6A	21.5	11.69	AT1G66980	1	24997447	24997448	3'UTR	0.007326895	94.60312968
2_8238758_8238759	m6A	31.5	73.595	AT2G18990	2	8238758	8238759	3'UTR	0.009525688	72.76610505
2_1993727_1993728	m6A	1064	0.09	AT2G05440	2	1993727	1993728	CDS	0.017376814	39.88919836
1_13701740_13701741	m6A	39.5	5.13	AT1G36390	1	13701740	13701741	3'UTR	0.00340799	203.3888547
1_10737705_10737706	m6A	103	13.115	AT1G30400	1	10737705	10737706	3'UTR	0.005161079	134.3027605
3_17158123_17158124	m6A	48	2.13	AT3G46600	3	17158123	17158124	CDS	0.016852036	41.13136017
3_8207503_8207504	m6A	30.5	21.96	AT3G23080	3	8207503	8207504	3'UTR	0.021449251	32.31568296
1_19224903_19224904	m6A	33.5	3.005	AT1G51805	1	19224903	19224904	CDS	0.00832858	83.22513654
2_14522522_14522523	m6A	11	18.18	AT2G34410	2	14522522	14522523	3'UTR	0.004939998	140.3132494
5_23494052_23494053	m6A	16	38.865	AT5G58040	5	23494052	23494053	3'UTR	0.005524576	125.4661222
5_3858706_3858707	m6A	43.5	2.305	AT5G11960	5	3858706	3858707	3'UTR	0.002555029	271.2873885
5_19611899_19611900	m6A	54.5	11.39	AT5G48385	5	19611899	19611900	3'UTR	0.000224778	3083.694153
3_23215588_23215589	m6A	35	4.33	AT3G62750	3	23215588	23215589	CDS	0.005874587	117.9907999
5_6836438_6836439	m6A	221	1.135	AT5G20250	5	6836438	6836439	CDS	0.012835369	54.0029026
1_7589278_7589279	m6A	17.5	10.51	AT1G21640	1	7589278	7589279	CDS	0.00690915	100.3230696
5_6463906_6463907	m6A	317.5	0.315	AT5G19220	5	6463906	6463907	3'UTR	0.003977061	174.2862776
3_8475841_8475842	m6A	44	45.51	AT3G23600	3	8475841	8475842	3'UTR	0.000224026	3094.049588
5_21707594_21707595	m6A	130	1.12	AT5G53460	5	21707594	21707595	CDS	0.004608777	150.3972213
3_3645783_3645784	m6A	32	66.765	AT3G11560	3	3645783	3645784	CDS	0.004738507	146.2796466
1_20452076_20452077	m6A	28	3.57	AT1G54830	1	20452076	20452077	CDS	0.004054088	170.9748697
5_4825339_4825340	m6A	155	0.645	AT5G14910	5	4825339	4825340	3'UTR	0.002400641	288.7342105
1_13210346_13210347	m6A	374	0.265	AT1G35680	1	13210346	13210347	3'UTR	0.00225876	306.8707023
2_16712942_16712943	m6A	38	2.66	AT2G40020	2	16712942	16712943	3'UTR	0.020297062	34.15012356
4_11799733_11799734	m6A	56	71.54	AT4G22330	4	11799733	11799734	3'UTR	0.002385546	290.5612905
1_8705703_8705704	m6A	16.5	19.04	AT1G24560	1	8705703	8705704	3'UTR	0.005233648	132.4405316
1_5611120_5611121	m6A	78.5	1.29	AT1G16410	1	5611120	5611121	3'UTR	0.004258945	162.7509013
4_5849563_5849564	m6A	36.5	6.915	AT4G09180	4	5849563	5849564	3'UTR	0.008059166	86.00730775
3_5347869_5347870	m6A	66	4.445	AT3G15810	3	5347869	5347870	3'UTR	0.015838026	43.76474639
5_25526568_25526569	m6A	25	5.93	AT5G63780	5	25526568	25526569	3'UTR	0.012999678	53.32033636
1_9315855_9315856	m6A	311	0.325	AT1G26880	1	9315855	9315856	CDS	0.00370301	187.1848151
1_11678276_11678277	m6A	12.5	8.115	AT1G32370	1	11678276	11678277	3'UTR	0.008595914	80.63682056
3_7519363_7519364	m6A	50.5	1.99	AT3G21351	3	7519363	7519364	3'UTR	1.67e-11	41599803987
1_1431524_1431525	m6A	606.5	0.41	AT1G05010	1	1431524	1431525	CDS	0.006219283	111.4512966
2_4621519_4621520	m6A	13	69.05	AT2G11520	2	4621519	4621520	3'UTR	0.001202239	576.5468456
4_13965196_13965197	m6A	18	60	AT4G28100	4	13965196	13965197	3'UTR	0.014512679	47.7614896
3_3339605_3339606	m6A	16.5	24.81	AT3G10690	3	3339605	3339606	3'UTR	0.001049136	660.6835701
5_470260_470261	m6A	28	5.235	AT5G02290	5	470260	470261	3'UTR	0.008706237	79.61500982
2_10123789_10123790	m6A	40	2.5	AT2G23780	2	10123789	10123790	CDS	0.006953769	99.67935308
4_11160862_11160863	m6A	90	2.225	AT4G20850	4	11160862	11160863	3'UTR	0.000743433	932.3594179
5_6956781_6956782	m6A	95	55.625	AT5G20570	5	6956781	6956782	3'UTR	0.003274215	211.698709
5_15845960_15845961	m6A	345	3.2	AT5G39570	5	15845960	15845961	CDS	0.000939413	737.8512356
1_9752604_9752605	m6A	22	17.915	AT1G27980	1	9752604	9752605	CDS	0.002867607	241.7162072
5_19828727_19828728	m6A	11	9.09	AT5G48900	5	19828727	19828728	CDS	0.010463947	66.24146685
1_17814191_17814192	m6A	12.5	12.18	AT1G48260	1	17814191	17814192	3'UTR	0.02639263	26.26290653
1_27643761_27643762	m6A	58.5	8.86	AT1G73530	1	27643761	27643762	3'UTR	0.001859039	372.8524428
4_18010867_18010868	m6A	35	2.915	AT4G38510	4	18010867	18010868	3'UTR	0.000506634	1368.142419
2_540596_540597	m6A	327	2.585	AT2G02130	2	540596	540597	3'UTR	0.000564702	1227.456708
1_24107349_24107350	m6A	21.5	5.78	AT1G64880	1	24107349	24107350	CDS	0.001771823	391.2057305
5_18449258_18449259	m6A	68	21.135	AT5G45510	5	18449258	18449259	3'UTR	0.004002667	173.1713518
4_1416340_1416341	m6A	140	0.735	AT4G03210	4	1416340	1416341	CDS	0.008622626	80.38701652
1_22646744_22646745	m6A	16	6.275	AT1G61380	1	22646744	22646745	CDS	0.004308429	160.8816433
2_14660317_14660318	m6A	17.5	26.19	AT2G34750	2	14660317	14660318	3'UTR	0.007183777	96.48784317
1_20668632_20668633	m6A	29.5	3.41	AT1G55360	1	20668632	20668633	5'UTR	0.005511913	125.7543702
1_18591389_18591390	m6A	134	5.595	AT1G50200	1	18591389	18591390	3'UTR	0.001141991	606.9636836
2_9998985_9998986	m6A	14	19.25	AT2G23460	2	9998985	9998986	3'UTR	0.014890549	46.54947107
3_14199394_14199395	m6A	1529	0.13	AT3G41768	3	14199394	14199395	intergenic	0	NA
5_25387486_25387487	m6A	25	13.94	AT5G63380	5	25387486	25387487	3'UTR	0.006529249	106.1603279
5_9456771_9456772	m6A	13.5	15.34	AT5G26860	5	9456771	9456772	3'UTR	3.52e-13	1.96751e+12
1_20632752_20632753	m6A	41.5	2.425	AT1G55310	1	20632752	20632753	3'UTR	0.012287294	56.41170252
4_2326882_2326883	m6A	115.5	1.285	AT4G04610	4	2326882	2326883	3'UTR	0.001316243	526.6103071
2_16831390_16831391	m6A	58	1.73	AT2G40300	2	16831390	16831391	3'UTR	0.00540894	128.1484396
3_2202037_2202038	m6A	14.5	7.325	AT3G06980	3	2202037	2202038	CDS	0.006694806	103.5350669
4_10775826_10775827	m6A	106	10.665	AT4G19840	4	10775826	10775827	3'UTR	0.00186379	371.902062
3_6280340_6280341	m6A	15	18.55	AT3G18290	3	6280340	6280341	3'UTR	0.009374656	73.93841515
5_13360526_13360527	m6A	170.5	4.685	AT5G35100	5	13360526	13360527	CDS	0.005010804	138.3305296
3_510070_510071	m6A	1494.5	0.135	AT3G02470	3	510070	510071	5'UTR	NA	NA
5_24300760_24300761	m6A	35.5	6.995	AT5G60410	5	24300760	24300761	CDS	0.014759237	46.96361791
4_7777784_7777785	m6A	37.5	11.985	AT4G13360	4	7777784	7777785	3'UTR	0.005592489	123.9425135
2_19382313_19382314	m6A	35.5	12.175	AT2G47210	2	19382313	19382314	3'UTR	0.002302092	301.0944774
5_2808845_2808846	m6A	94.5	2.135	AT5G08650	5	2808845	2808846	CDS	0.003212565	215.7612932
2_6760491_6760492	m6A	71.5	4.87	AT2G15480	2	6760491	6760492	3'UTR	0.001942397	356.8515207
4_14403455_14403456	m6A	61.5	86.715	AT4G29220	4	14403455	14403456	3'UTR	0.004406887	157.2872422
5_9209096_9209097	m6A	700	0.14	AT5G26280	5	9209096	9209097	CDS	0.002039932	339.7892758
5_25945894_25945895	m6A	27.5	6.835	AT5G64930	5	25945894	25945895	CDS	0.007504724	92.36144959
5_22298295_22298296	m6A	55	1.82	AT5G54900	5	22298295	22298296	3'UTR	0.000461171	1503.015438
2_17812182_17812183	m6A	26.5	64.17	AT2G42810	2	17812182	17812183	3'UTR	0.005645924	122.7694757
5_25565517_25565518	m6A	60	8.8	AT5G63890	5	25565517	25565518	3'UTR	0.001168034	593.4306294
3_5710300_5710301	m6A	135.5	11.115	AT3G16780	3	5710300	5710301	3'UTR	0.003537635	195.9351645
5_4048686_4048687	m6A	25	4	AT5G12480	5	4048686	4048687	CDS	0.003481007	199.1226149
2_17523308_17523309	m6A	15	30	AT2G41980	2	17523308	17523309	3'UTR	0.008767336	79.06018207
4_13519811_13519812	m6A	20	25.315	AT4G26900	4	13519811	13519812	3'UTR	0.002620336	264.5260718
1_24114534_24114535	m6A	146	1.04	AT1G64900	1	24114534	24114535	CDS	0.009310693	74.44635477
5_8034812_8034813	m6A	74	2.095	AT5G23830	5	8034812	8034813	3'UTR	1.58e-11	43777397600
2_11167148_11167149	m6A	22	56.665	AT2G26230	2	11167148	11167149	3'UTR	0.002017263	343.6078056
1_24655434_24655435	m6A	1611.5	0.06	AT1G66200	1	24655434	24655435	3'UTR	0.008472856	81.80796975
3_9426294_9426295	m6A	30	13.465	AT3G25805	3	9426294	9426295	3'UTR	0.004742319	146.1620645
1_190098_190099	m6A	10.5	85.91	AT1G01510	1	190098	190099	3'UTR	0.007604138	91.15395004
5_6943413_6943414	m6A	51	18.81	AT5G20520	5	6943413	6943414	3'UTR	0.010470576	66.1995258
1_7957893_7957894	m6A	40.5	2.485	AT1G22530	1	7957893	7957894	CDS	0.002217147	312.6302577
3_17755487_17755488	m6A	19.5	5.16	AT3G48090	3	17755487	17755488	3'UTR	0.0051549	134.4637464
5_6021516_6021517	m6A	36	75	AT5G18230	5	6021516	6021517	3'UTR	0.002302946	300.9827822
5_7167229_7167230	m6A	23.5	6.34	AT5G21090	5	7167229	7167230	3'UTR	1.23e-20	5.64126e+19
1_731741_731742	m6A	23	78.475	AT1G03080	1	731741	731742	3'UTR	0.005531768	125.3030185
3_7424745_7424746	m6A	14	31.54	AT3G21175	3	7424745	7424746	3'UTR	0.00194057	357.1874456
5_2506678_2506679	m6A	19	21.055	AT5G07840	5	2506678	2506679	3'UTR	NA	NA
4_12322907_12322908	m6A	20.5	4.955	AT4G23640	4	12322907	12322908	CDS	0.00363061	190.9175518
3_22491581_22491582	m6A	29.5	20.415	AT3G60860	3	22491581	22491582	3'UTR	0.001966933	352.3999183
5_9194658_9194659	m6A	14.5	57.83	AT5G26240	5	9194658	9194659	3'UTR	0.003457073	200.5011578
3_7908490_7908491	m6A	102	16.375	AT3G22370	3	7908490	7908491	3'UTR	0	NA
3_2204800_2204801	m6A	14.5	13.22	AT3G06980	3	2204800	2204801	3'UTR	0.006694806	103.5350669
5_6972753_6972754	m6A	11.5	12.69	AT5G20610	5	6972753	6972754	CDS	0.008610426	80.5009146
1_18504246_18504247	m6A	199.5	0.965	AT1G49970	1	18504246	18504247	CDS	0.001232449	562.4145598
2_7304302_7304303	m6A	51.5	1.945	AT2G16860	2	7304302	7304303	CDS	0.00318807	217.4190808
3_6747031_6747032	m6A	257	2.09	AT3G19450	3	6747031	6747032	3'UTR	0.006704469	103.3858439
4_17555497_17555498	m6A	368	0.27	AT4G37300	4	17555497	17555498	CDS	0.011782332	58.82936917
2_15573595_15573596	m6A	15.5	74.34	AT2G37050	2	15573595	15573596	3'UTR	0.003808165	182.0160651
5_15384356_15384357	m6A	7918.5	0.01	AT5G38430	5	15384356	15384357	CDS	0.003446985	201.0879403
5_16621382_16621383	m6A	45	30.495	AT5G41560	5	16621382	16621383	3'UTR	0.008426915	82.25396328
5_3980281_3980282	m6A	13.5	21.67	AT5G12310	5	3980281	3980282	3'UTR	0.006840386	101.3315817
1_5008437_5008438	m6A	46	5.365	AT1G14610	1	5008437	5008438	3'UTR	0.000964733	718.4858528
2_12215637_12215638	m6A	19	60.925	AT2G28520	2	12215637	12215638	3'UTR	0.003914643	177.0652257
3_21243286_21243287	m6A	61.5	88.435	AT3G57410	3	21243286	21243287	3'UTR	0.00283161	244.7890298
2_630980_630981	m6A	83	1.21	AT2G02390	2	630980	630981	3'UTR	0.000730373	949.0322407
1_28159058_28159059	m6A	432.5	0.345	AT1G74970	1	28159058	28159059	CDS	0.000593272	1168.34562
3_3960473_3960474	m6A	128.5	19.905	AT3G12490	3	3960473	3960474	3'UTR	0.000832601	832.5079655
5_10797219_10797220	m6A	73	1.375	AT5G28770	5	10797219	10797220	CDS	0.016946398	40.90233113
1_6462183_6462184	m6A	222	1.995	AT1G18730	1	6462183	6462184	3'UTR	0.006370778	108.8010221
3_5802831_5802832	m6A	170	0.59	AT3G17020	3	5802831	5802832	CDS	0.000126556	5476.984242
3_8207246_8207247	m6A	19.5	5.13	AT3G23070	3	8207246	8207247	3'UTR	0.00561163	123.5197562
1_8312157_8312158	m6A	62.5	3.975	AT1G23400	1	8312157	8312158	3'UTR	0.01432996	48.37048815
5_5759460_5759461	m6A	52	3.11	AT5G17460	5	5759460	5759461	5'UTR	0.000560398	1236.884119
5_23283892_23283893	m6A	65.5	8.71	AT5G57490	5	23283892	23283893	3'UTR	0.003727876	185.936213
2_16578731_16578732	m6A	17	9.295	AT2G39740	2	16578731	16578732	3'UTR	0.008669287	79.95435086
2_1262533_1262534	m6A	11.5	48.11	AT2G03980	2	1262533	1262534	3'UTR	0.006927982	100.0503778
2_9414342_9414343	m6A	43	13.335	AT2G22125	2	9414342	9414343	3'UTR	0.001369442	506.1531565
1_5183921_5183922	m6A	22	6.935	AT1G15060	1	5183921	5183922	3'UTR	0.007836694	88.44892999
1_2280128_2280129	m6A	31	53.18	AT1G07420	1	2280128	2280129	3'UTR	0.004733223	146.4429653
1_58463_58464	m6A	107	0.935	AT1G01120	1	58463	58464	CDS	0.013208628	52.47684764
5_291212_291213	m6A	284	1.26	AT5G01750	5	291212	291213	3'UTR	0.001304869	531.2007206
2_7867703_7867704	m6A	12.5	63.335	AT2G18090	2	7867703	7867704	3'UTR	0.00971631	71.33851889
1_5202041_5202042	m6A	12.5	16.235	AT1G15110	1	5202041	5202042	3'UTR	0.01152188	60.15921085
1_9741026_9741027	m6A	691.5	0.145	AT1G27950	1	9741026	9741027	CDS	0.002779692	249.3611025
3_19549770_19549771	m6A	53.5	8.445	AT3G52750	3	19549770	19549771	3'UTR	0.006959883	99.59178414
4_12566467_12566468	m6A	210	0.705	AT4G24220	4	12566467	12566468	CDS	0.001444291	479.9221042
5_5999923_5999924	m6A	51.5	8.525	AT5G18150	5	5999923	5999924	3'UTR	0.005481024	126.4630816
5_1277_1278	m6A	26	38.75	AT5G01010	5	1277	1278	3'UTR	0.00184322	376.0523866
2_14639411_14639412	m6A	36.5	50.075	AT2G34710	2	14639411	14639412	3'UTR	0.011284876	61.42266732
5_22554801_22554802	m6A	19	9.23	AT5G55700	5	22554801	22554802	3'UTR	0.019918368	34.79939607
3_3860397_3860398	m6A	204.5	5.425	AT3G12120	3	3860397	3860398	3'UTR	0.002878604	240.7928411
3_22657523_22657524	m6A	86	1.165	AT3G61200	3	22657523	22657524	3'UTR	0.002246418	308.556578
5_16810003_16810004	m6A	82	1.245	AT5G42020	5	16810003	16810004	CDS	0.006195656	111.8763196
1_7690962_7690963	m6A	63	1.595	AT1G21900	1	7690962	7690963	3'UTR	0.000484083	1431.876157
1_5515893_5515894	m6A	236	1.47	AT1G16080	1	5515893	5515894	3'UTR	0.004385662	158.0484817
5_3924222_3924223	m6A	67.5	3.67	AT5G12150	5	3924222	3924223	3'UTR	0.00161621	428.8719989
2_16110858_16110859	m6A	27.5	5.305	AT2G38480	2	16110858	16110859	3'UTR	0.004252392	163.0017315
1_9315430_9315431	m6A	76.5	3.925	AT1G26880	1	9315430	9315431	3'UTR	0.00370301	187.1848151
3_6703427_6703428	m6A	26.5	3.89	AT3G19340	3	6703427	6703428	CDS	0.002398263	289.0205577
2_15168757_15168758	m6A	226	0.44	AT2G36145	2	15168757	15168758	CDS	0.003745802	185.0464089
3_2860513_2860514	m6A	53.5	1.88	AT3G09300	3	2860513	2860514	3'UTR	0.004498991	154.0672355
4_677219_677220	m6A	33	4.885	AT4G01560	4	677219	677220	3'UTR	0.010605737	65.35587071
2_18998574_18998575	m6A	34	13.73	AT2G46260	2	18998574	18998575	3'UTR	0.009676049	71.63535514
4_458177_458178	m6A	523	0.675	AT4G01050	4	458177	458178	3'UTR	0.002474792	280.0830255
1_26422147_26422148	m6A	77.5	1.305	AT1G70160	1	26422147	26422148	CDS	0.00344836	201.0077879
5_4002918_4002919	m6A	29	22.115	AT5G12370	5	4002918	4002919	3'UTR	0.001109115	624.9550709
5_433745_433746	m6A	13	84.52	AT5G02180	5	433745	433746	3'UTR	0.007990105	86.75070244
1_4898780_4898781	m6A	19	5.32	AT1G14340	1	4898780	4898781	3'UTR	0.017315913	40.02949053
3_6724928_6724929	m6A	23.5	4.895	AT3G19390	3	6724928	6724929	3'UTR	0.001644114	421.5932013
5_17840664_17840665	m6A	59.5	8.435	AT5G44290	5	17840664	17840665	3'UTR	0.004582837	151.2485018
5_6761892_6761893	m6A	352	0.285	AT5G20010	5	6761892	6761893	3'UTR	0.006292198	110.1597794
3_326575_326576	m6A	14.5	18.38	AT3G01970	3	326575	326576	3'UTR	4.21e-16	1.64795e+15
5_25554607_25554608	m6A	47.5	23.47	AT5G63860	5	25554607	25554608	3'UTR	0.00165991	417.5811692
1_21797004_21797005	m6A	16.5	88.655	AT1G58848	1	21797004	21797005	3'UTR	0.012192049	56.852394
4_7846612_7846613	m6A	193.5	6.685	AT4G13495	4	7846612	7846613	intergenic	0.033051322	20.97184423
4_7351932_7351933	m6A	33	4.595	AT4G12420	4	7351932	7351933	CDS	0.005894843	117.5853594
3_19690655_19690656	m6A	14.5	20.95	AT3G53120	3	19690655	19690656	3'UTR	0.002487288	278.6758959
5_22290511_22290512	m6A	18	5.56	AT5G54870	5	22290511	22290512	CDS	0.002539439	272.9528857
5_4945464_4945465	m6A	293	0.68	AT5G15230	5	4945464	4945465	CDS	0.010432542	66.44087369
3_4815907_4815908	m6A	18	5.715	AT3G14410	3	4815907	4815908	3'UTR	0.008059573	86.00296957
5_4786025_4786026	m6A	92.5	28.225	AT5G14800	5	4786025	4786026	3'UTR	0.012462191	55.62000917
5_17017076_17017077	m6A	30.5	75.265	AT5G42560	5	17017076	17017077	3'UTR	0.005046909	137.3409188
1_16708092_16708093	m6A	206	2.18	AT1G44000	1	16708092	16708093	3'UTR	0.008731169	79.38767091
2_11110194_11110195	m6A	411.5	0.245	AT2G26080	2	11110194	11110195	CDS	0.004028368	172.0665153
2_18675676_18675677	m6A	15.5	42.02	AT2G45290	2	18675676	18675677	3'UTR	0.00175518	394.9151798
3_7830621_7830622	m6A	11	13.335	AT3G22180	3	7830621	7830622	3'UTR	0.008123997	85.32094962
5_7517624_7517625	m6A	28	16.84	AT5G22620	5	7517624	7517625	3'UTR	0.006472448	107.0919604
5_16378442_16378443	m6A	18	35.24	AT5G40870	5	16378442	16378443	3'UTR	0.002926533	236.8492333
1_22050879_22050880	m6A	11	9.09	AT1G59890	1	22050879	22050880	3'UTR	0.006709008	103.3158899
5_4337589_4337590	m6A	31	57.195	AT5G13490	5	4337589	4337590	3'UTR	2.99e-05	23144.33209
2_17470986_17470987	m6A	31	16.23	AT2G41870	2	17470986	17470987	3'UTR	0.013648462	50.78573467
4_12221839_12221840	m6A	528.5	0.19	AT4G23400	4	12221839	12221840	CDS	0.003928761	176.4289716
5_20202157_20202158	m6A	59.5	1.68	AT5G49730	5	20202157	20202158	CDS	0.030006338	23.10002541
2_19626444_19626445	m6A	30.5	3.3	AT2G47960	2	19626444	19626445	CDS	0.004997239	138.7060411
2_9051934_9051935	m6A	35	32.085	AT2G21120	2	9051934	9051935	3'UTR	0.004957706	139.8120669
4_7606848_7606849	m6A	41	7.215	AT4G13020	4	7606848	7606849	3'UTR	0.00757503	91.50422039
5_7633714_7633715	m6A	24.5	6.02	AT5G22850	5	7633714	7633715	3'UTR	0.012115612	57.21107507
4_12231149_12231150	m6A	61	1.64	AT4G23430	4	12231149	12231150	CDS	0.001582291	438.0654817
4_15259592_15259593	m6A	20.5	47.82	AT4G31460	4	15259592	15259593	3'UTR	0.004903333	141.362458
2_18814732_18814733	m6A	40.5	39.665	AT2G45670	2	18814732	18814733	3'UTR	0.004066025	170.4729277
1_7453468_7453469	m6A	1165	0.09	AT1G21310	1	7453468	7453469	3'UTR	0.000856882	808.9180337
4_10847339_10847340	m6A	21	78.57	AT4G20030	4	10847339	10847340	3'UTR	0.004389825	157.8985792
5_23356828_23356829	m6A	253.5	1.71	AT5G57660	5	23356828	23356829	3'UTR	0.018434681	37.60017162
2_13667808_13667809	m6A	16	6.25	AT2G32170	2	13667808	13667809	CDS	0.004536923	152.7791306
2_17918632_17918633	m6A	24	62.855	AT2G43080	2	17918632	17918633	3'UTR	0.003813415	181.765454
5_1480027_1480028	m6A	73.5	1.375	AT5G05010	5	1480027	1480028	3'UTR	0.001563297	443.3879851
1_27377946_27377947	m6A	11.5	65.155	AT1G72730	1	27377946	27377947	3'UTR	0.005492935	126.1888472
2_14126257_14126258	m6A	34	8.855	AT2G33340	2	14126257	14126258	3'UTR	0.000471167	1471.129927
1_24230845_24230846	m6A	137.5	0.73	AT1G65230	1	24230845	24230846	3'UTR	0.004559298	152.0293623
3_4926211_4926212	m6A	200.5	0.775	AT3G14660	3	4926211	4926212	CDS	0.011750097	58.99076273
5_3916882_3916883	m6A	43.5	2.37	AT5G12120	5	3916882	3916883	CDS	0.011360958	61.01133275
2_9237694_9237695	m6A	79	3.1	AT2G21580	2	9237694	9237695	3'UTR	0.003300256	210.028317
2_12359102_12359103	m6A	273.5	0.93	AT2G28800	2	12359102	12359103	CDS	0.002047416	338.547383
5_19331283_19331284	m6A	16.5	33.33	AT5G47710	5	19331283	19331284	3'UTR	0.008124002	85.32090641
3_3852009_3852010	m6A	27	3.71	AT3G12080	3	3852009	3852010	3'UTR	0.006825682	101.5498862
5_20904345_20904346	m6A	32	3.155	AT5G51460	5	20904345	20904346	3'UTR	0.009535264	72.69302224
1_20431937_20431938	m6A	79	1.29	AT1G54740	1	20431937	20431938	3'UTR	0.014701119	47.1492803
5_23080027_23080028	m6A	41.5	19.415	AT5G57030	5	23080027	23080028	3'UTR	0.00890862	77.80634541
3_16272903_16272904	m6A	49	2.04	AT3G44720	3	16272903	16272904	CDS	0.008792022	78.83820301
3_19756561_19756562	m6A	27.5	5.485	AT3G53280	3	19756561	19756562	CDS	0.00252179	274.8631182
4_17696104_17696105	m6A	32	3.155	AT4G37660	4	17696104	17696105	3'UTR	0.002471214	280.4884919
1_28417143_28417144	m6A	66.5	15.98	AT1G75680	1	28417143	28417144	3'UTR	0.000593583	1167.734112
1_18237968_18237969	m6A	95	1.055	AT1G49310	1	18237968	18237969	3'UTR	0.022726743	30.49918704
2_1589961_1589962	m6A	30	72.57	AT2G04550	2	1589961	1589962	3'UTR	0.012230059	56.67570008
3_5498170_5498171	m6A	45.5	3.34	AT3G16220	3	5498170	5498171	CDS	0.006401689	108.2756805
5_5379921_5379922	m6A	393.5	0.99	AT5G16470	5	5379921	5379922	3'UTR	0.003330112	208.1453349
5_22698464_22698465	m6A	18	12.04	AT5G56040	5	22698464	22698465	3'UTR	0.021886373	31.67026309
1_1732517_1732518	m6A	13.5	93.75	AT1G05785	1	1732517	1732518	3'UTR	0.007071165	98.02446702
1_21044733_21044734	m6A	66.5	6.05	AT1G56220	1	21044733	21044734	3'UTR	0.019943118	34.75620921
4_8268032_8268033	m6A	29.5	3.565	AT4G14360	4	8268032	8268033	CDS	0.0037458	185.0465118
1_7485775_7485776	m6A	33	7.535	AT1G21380	1	7485775	7485776	3'UTR	0.002782268	249.1302655
2_12613119_12613120	m6A	64.5	2.285	AT2G29400	2	12613119	12613120	3'UTR	0.008099049	85.58377426
1_30097042_30097043	m6A	25.5	8.545	AT1G80000	1	30097042	30097043	3'UTR	0.002998412	231.1714278
2_18074279_18074280	m6A	214.5	0.69	AT2G43560	2	18074279	18074280	CDS	0.010567289	65.59366143
5_9746794_9746795	m6A	39.5	10.13	AT5G27600	5	9746794	9746795	CDS	0.004272518	162.2338889
5_16948516_16948517	m6A	49.5	2.02	AT5G42390	5	16948516	16948517	CDS	0.001184833	585.0169139
4_8531101_8531102	m6A	15.5	41.45	AT4G14920	4	8531101	8531102	3'UTR	0.014495832	47.81699887
1_4285767_4285768	m6A	36.5	94.685	AT1G12580	1	4285767	4285768	3'UTR	0.01113753	62.2352709
3_22251272_22251273	m6A	38.5	10.205	AT3G60210	3	22251272	22251273	3'UTR	0.001576261	439.7414654
5_5363947_5363948	m6A	174	1.155	AT5G16400	5	5363947	5363948	CDS	0.003777138	183.5112012
1_17282976_17282977	m6A	778	0.13	AT1G47128	1	17282976	17282977	3'UTR	0.008922526	77.68508725
2_11575850_11575851	m6A	12	8.33	AT2G27100	2	11575850	11575851	CDS	0.002967706	233.563326
4_11810045_11810046	m6A	21.5	4.78	AT4G22360	4	11810045	11810046	3'UTR	0.008683521	79.82328779
3_15664597_15664598	m6A	216.5	0.71	AT3G43810	3	15664597	15664598	3'UTR	0.000286555	2418.900352
5_6078_6079	m6A	37.5	69.655	AT5G01020	5	6078	6079	3'UTR	0.006747429	102.7275925
1_21713982_21713983	m6A	28	85.245	AT1G58440	1	21713982	21713983	3'UTR	0.00322348	215.030737
3_6549002_6549003	m6A	17.5	54.575	AT3G18990	3	6549002	6549003	3'UTR	0.004485214	154.5404916
4_9587707_9587708	m6A	254.5	0.395	AT4G17040	4	9587707	9587708	CDS	0.002533622	273.5795214
5_1408130_1408131	m6A	31	80.355	AT5G04850	5	1408130	1408131	3'UTR	0.002548908	271.9388884
2_18941286_18941287	m6A	11.5	31.54	AT2G46060	2	18941286	18941287	3'UTR	0.007013273	98.83362927
4_9392314_9392315	m6A	52.5	6.75	AT4G16690	4	9392314	9392315	3'UTR	0.009540158	72.65573288
2_10829980_10829981	m6A	88.5	2.295	AT2G25450	2	10829980	10829981	3'UTR	0.002384377	290.703745
5_3887891_3887892	m6A	41	2.475	AT5G12040	5	3887891	3887892	3'UTR	0.001643561	421.7351048
4_13055433_13055434	m6A	308	0.32	AT4G25570	4	13055433	13055434	CDS	0.001890045	366.7357309
5_5550147_5550148	m6A	46.5	2.29	AT5G16880	5	5550147	5550148	CDS	0.002916033	237.7020646
4_16166765_16166766	m6A	18	8.205	AT4G33650	4	16166765	16166766	3'UTR	0.004638231	149.442154
3_23235478_23235479	m6A	94	5.26	AT3G62830	3	23235478	23235479	3'UTR	0.001685292	411.2919536
3_5430944_5430945	m6A	117	1.74	AT3G16000	3	5430944	5430945	3'UTR	0.006360592	108.9752595
5_20250585_20250586	m6A	15.5	6.46	AT5G49830	5	20250585	20250586	3'UTR	0.00352104	196.8586491
3_19627793_19627794	m6A	710	0.285	AT3G52930	3	19627793	19627794	CDS	0.000921405	752.2721003
1_13543417_13543418	m6A	48	3.175	AT1G36160	1	13543417	13543418	CDS	0.002555349	271.2534655
3_3469933_3469934	m6A	18.5	100	AT3G11070	3	3469933	3469934	3'UTR	0.009538005	72.6721348
5_14805385_14805386	m6A	159.5	43.655	AT5G37360	5	14805385	14805386	3'UTR	0.005492645	126.1955278
4_15470892_15470893	m6A	117	43.89	AT4G31990	4	15470892	15470893	CDS	0.00176324	393.1098842
3_19053433_19053434	m6A	22	34.165	AT3G51330	3	19053433	19053434	3'UTR	0.006259449	110.736128
5_23672684_23672685	m6A	56.5	58.73	AT5G58560	5	23672684	23672685	3'UTR	0.002204451	314.4307203
2_13528332_13528333	m6A	71.5	35.945	AT2G31810	2	13528332	13528333	3'UTR	0.006251744	110.8726072
3_22034053_22034054	m6A	35	44.12	AT3G59650	3	22034053	22034054	3'UTR	0.006222811	111.3881205
1_6457958_6457959	m6A	151.5	2.315	AT1G18720	1	6457958	6457959	3'UTR	0.002422348	286.1468024
5_21036484_21036485	m6A	20	7.39	AT5G51780	5	21036484	21036485	3'UTR	0.027708045	25.01609864
1_1923247_1923248	m6A	13	11.31	AT1G06290	1	1923247	1923248	CDS	0.002149582	322.4567167
5_22605102_22605103	m6A	242.5	2.675	AT5G55850	5	22605102	22605103	3'UTR	0.000376549	1840.78849
3_8474530_8474531	m6A	268	0.375	AT3G23600	3	8474530	8474531	CDS	0.000224026	3094.049588
3_4808993_4808994	m6A	37.5	49.14	AT3G14390	3	4808993	4808994	3'UTR	0.002599698	266.626076
1_7158410_7158411	m6A	36.5	45.97	AT1G20650	1	7158410	7158411	3'UTR	0.013554589	51.13745516
5_3374469_3374470	m6A	29.5	17.07	AT5G10690	5	3374469	3374470	CDS	0.008843595	78.37844217
1_27064366_27064367	m6A	24.5	10.365	AT1G71900	1	27064366	27064367	3'UTR	0.006383564	108.5830977
1_12030514_12030515	m6A	18	22.5	AT1G33170	1	12030514	12030515	3'UTR	0.002424264	285.9207041
5_651700_651701	m6A	143	0.7	AT5G02840	5	651700	651701	3'UTR	0.011526072	60.13733105
2_7609392_7609393	m6A	20.5	30.075	AT2G17510	2	7609392	7609393	3'UTR	0.006725482	103.0628215
1_23935466_23935467	m6A	58	1.73	AT1G64430	1	23935466	23935467	CDS	0.0084818	81.72170759
3_20453124_20453125	m6A	82.5	5.73	AT3G55170	3	20453124	20453125	3'UTR	0.002820958	245.7133579
1_25045885_25045886	m6A	53.5	1.93	AT1G67080	1	25045885	25045886	CDS	0.007470443	92.78528828
5_25453766_25453767	m6A	119	0.855	AT5G63570	5	25453766	25453767	3'UTR	0.000777324	891.7095701
1_687920_687921	m6A	10	70	AT1G03000	1	687920	687921	3'UTR	0.015729478	44.06676178
2_17895187_17895188	m6A	555	0.18	AT2G43030	2	17895187	17895188	CDS	0.001586271	436.9663651
2_19429026_19429027	m6A	16	61.11	AT2G47330	2	19429026	19429027	3'UTR	0.00835265	82.98530617
1_11601821_11601822	m6A	62.5	5.115	AT1G32200	1	11601821	11601822	3'UTR	0.0042479	163.174097
1_26431293_26431294	m6A	38.5	20.815	AT1G70190	1	26431293	26431294	3'UTR	0.005442824	127.3506409
4_13916042_13916043	m6A	278.5	0.71	AT4G27960	4	13916042	13916043	3'UTR	0.001107629	625.7934374
2_8111777_8111778	m6A	53	2.765	AT2G18700	2	8111777	8111778	CDS	0.027675187	25.04579966
4_899695_899696	m6A	22	4.55	AT4G02050	4	899695	899696	CDS	0.007063883	98.1255222
1_10258376_10258377	m6A	27.5	96.43	AT1G29330	1	10258376	10258377	3'UTR	0.005327761	130.1010195
5_985805_985806	m6A	62	4.06	AT5G03760	5	985805	985806	3'UTR	0.002794163	248.0697152
2_6934408_6934409	m6A	59.5	2.47	AT2G15910	2	6934408	6934409	3'UTR	0.008418781	82.33343277
3_21668664_21668665	m6A	16.5	86.84	AT3G58600	3	21668664	21668665	3'UTR	0.003681756	188.2653678
4_9475503_9475504	m6A	28	3.645	AT4G16840	4	9475503	9475504	3'UTR	0.00377014	183.8518249
4_18135844_18135845	m6A	23	4.38	AT4G38890	4	18135844	18135845	3'UTR	0.004486438	154.4983468
